#include "lvgl.h"

/* sun */
static const uint8_t weather_icon_sun_data[] = {
    0x00, 0x00, 0x00, 0x00, 0x00, 0x00, 0x00, 0x00, 0x00, 0x00, 0x00, 0x00,
    0x00, 0x00, 0x00, 0x00, 0x00, 0x00, 0x00, 0x00, 0x00, 0x00, 0x00, 0x00,
    0x00, 0x00, 0x00, 0x00, 0x00, 0x00, 0x00, 0x00, 0x00, 0x00, 0x00, 0x00,
    0x00, 0x00, 0x00, 0x00, 0x00, 0x00, 0x00, 0x00, 0x00, 0x00, 0x00, 0x00,
    0x00, 0x00, 0x00, 0x00, 0x00, 0x00, 0x00, 0x00, 0x00, 0x00, 0x00, 0x00,
    0x00, 0x00, 0x00, 0x00, 0x00, 0x00, 0x00, 0x00, 0x00, 0x00, 0x00, 0x00,
    0x00, 0x00, 0x00, 0x00, 0x00, 0x00, 0x00, 0x00, 0x00, 0x00, 0x00, 0x00,
    0x00, 0x00, 0x00, 0x00, 0x00, 0x00, 0x00, 0x00, 0x00, 0x00, 0x00, 0x00,
    0x00, 0x00, 0x00, 0x00, 0x00, 0x00, 0x00, 0x00, 0x00, 0x00, 0x00, 0x00,
    0x00, 0x00, 0x00, 0x00, 0x00, 0x00, 0x00, 0x00, 0x00, 0x00, 0x00, 0x00,
    0x00, 0x00, 0x00, 0x00, 0x00, 0x00, 0x00, 0x00, 0x00, 0x00, 0x00, 0x00,
    0x00, 0x00, 0x00, 0x00, 0x00, 0x00, 0x03, 0xEA, 0xFF, 0x0A, 0xEC, 0xFF,
    0x07, 0xC9, 0xFE, 0x00, 0x00, 0x00, 0x00, 0x00, 0x00, 0x00, 0x00, 0x00,
    0x00, 0x00, 0x00, 0x00, 0x00, 0x00, 0x00, 0x00, 0x00, 0x00, 0x00, 0x00,
    0x00, 0x00, 0x00, 0x00, 0x00, 0x00, 0x00, 0x00, 0x00, 0x00, 0x00, 0x00,
    0x00, 0x00, 0x00, 0x00, 0x00, 0x00, 0x00, 0x00, 0x00, 0x00, 0x00, 0x00,
    0x00, 0x00, 0x00, 0x00, 0x00, 0x00, 0x00, 0x00, 0x00, 0x00, 0x00, 0x00,
    0x00, 0x00, 0x00, 0x00, 0x00, 0x00, 0x00, 0x00, 0x00, 0x03, 0x4A, 0xFD,
    0x00, 0x00, 0x00, 0x00, 0x00, 0x00, 0x00, 0x00, 0x00, 0x00, 0x00, 0x00,
    0x04, 0xE7, 0xFD, 0x00, 0x00, 0x00, 0x4C, 0x89, 0xFE, 0xF5, 0x8B, 0xFF,
    0xA2, 0x89, 0xFE, 0x00, 0x00, 0x00, 0x05, 0x66, 0xFE, 0x00, 0x00, 0x00,
    0x00, 0x00, 0x00, 0x00, 0x00, 0x00, 0x00, 0x00, 0x00, 0x00, 0x00, 0x00,
    0x03, 0x4A, 0xFD, 0x00, 0x00, 0x00, 0x00, 0x00, 0x00, 0x00, 0x00, 0x00,
    0x00, 0x00, 0x00, 0x00, 0x00, 0x00, 0x00, 0x00, 0x00, 0x00, 0x00, 0x00,
    0x00, 0x00, 0x00, 0x00, 0x00, 0x00, 0x00, 0x00, 0x00, 0x00, 0x00, 0x00,
    0x00, 0x00, 0x00, 0x00, 0x00, 0x00, 0x02, 0xEF, 0xFF, 0x00, 0x00, 0x00,
    0x01, 0xE0, 0xFF, 0x00, 0x00, 0x00, 0x00, 0x00, 0x00, 0x00, 0x00, 0x00,
    0x04, 0xE7, 0xFD, 0x00, 0x00, 0x00, 0x50, 0x89, 0xFE, 0xFF, 0xAB, 0xFF,
    0xAA, 0x89, 0xFE, 0x00, 0x00, 0x00, 0x05, 0x66, 0xFE, 0x00, 0x00, 0x00,
    0x00, 0x00, 0x00, 0x00, 0x00, 0x00, 0x00, 0x00, 0x00, 0x01, 0xE0, 0xFF,
    0x00, 0x00, 0x00, 0x02, 0xEF, 0xFF, 0x00, 0x00, 0x00, 0x00, 0x00, 0x00,
    0x00, 0x00, 0x00, 0x00, 0x00, 0x00, 0x00, 0x00, 0x00, 0x00, 0x00, 0x00,
    0x00, 0x00, 0x00, 0x00, 0x00, 0x00, 0x00, 0x00, 0x00, 0x00, 0x00, 0x00,
    0x00, 0x00, 0x00, 0x01, 0xE0, 0xFF, 0x00, 0x00, 0x00, 0x2D, 0x29, 0xFE,
    0x00, 0x00, 0x00, 0x02, 0xE0, 0xFB, 0x00, 0x00, 0x00, 0x00, 0x00, 0x00,
    0x04, 0xE7, 0xFD, 0x00, 0x00, 0x00, 0x4F, 0x89, 0xFE, 0xFE, 0x8B, 0xFF,
    0xA8, 0x89, 0xFE, 0x00, 0x00, 0x00, 0x05, 0x66, 0xFE, 0x00, 0x00, 0x00,
    0x00, 0x00, 0x00, 0x00, 0x00, 0x00, 0x02, 0xE0, 0xFB, 0x00, 0x00, 0x00,
    0x2D, 0x29, 0xFE, 0x00, 0x00, 0x00, 0x01, 0xE0, 0xFF, 0x00, 0x00, 0x00,
    0x00, 0x00, 0x00, 0x00, 0x00, 0x00, 0x00, 0x00, 0x00, 0x00, 0x00, 0x00,
    0x00, 0x00, 0x00, 0x00, 0x00, 0x00, 0x00, 0x00, 0x00, 0x00, 0x00, 0x00,
    0x02, 0xEF, 0xFF, 0x03, 0x4A, 0xFD, 0x46, 0x89, 0xFE, 0xEC, 0x2A, 0xFF,
    0x81, 0xA9, 0xFE, 0x00, 0x00, 0x00, 0x06, 0xA5, 0xFE, 0x01, 0x00, 0xF8,
    0x04, 0xE7, 0xFD, 0x00, 0x00, 0x00, 0x4E, 0x89, 0xFE, 0xFA, 0x8B, 0xFF,
    0xA5, 0x89, 0xFE, 0x00, 0x00, 0x00, 0x05, 0x66, 0xFE, 0x00, 0x00, 0x00,
    0x01, 0x00, 0xF8, 0x06, 0xA5, 0xFE, 0x00, 0x00, 0x00, 0x81, 0xA9, 0xFE,
    0xEC, 0x2A, 0xFF, 0x46, 0x89, 0xFE, 0x03, 0x4A, 0xFD, 0x02, 0xEF, 0xFF,
    0x00, 0x00, 0x00, 0x00, 0x00, 0x00, 0x00, 0x00, 0x00, 0x00, 0x00, 0x00,
    0x00, 0x00, 0x00, 0x00, 0x00, 0x00, 0x00, 0x00, 0x00, 0x01, 0x00, 0xF8,
    0x02, 0xEF, 0xFF, 0x06, 0xAA, 0xFE, 0xC6, 0x89, 0xFE, 0xFF, 0x2A, 0xFF,
    0xFF, 0xEA, 0xFE, 0x83, 0x89, 0xFE, 0x00, 0x00, 0x00, 0x00, 0x00, 0x00,
    0x05, 0xC6, 0xFC, 0x00, 0x00, 0x00, 0x57, 0x89, 0xFE, 0xFF, 0xEC, 0xFF,
    0xBA, 0x89, 0xFE, 0x04, 0xE7, 0xFD, 0x05, 0x66, 0xFE, 0x00, 0x00, 0x00,
    0x00, 0x00, 0x00, 0x00, 0x00, 0x00, 0x83, 0x89, 0xFE, 0xFF, 0xEA, 0xFE,
    0xFF, 0x2A, 0xFF, 0xC6, 0x89, 0xFE, 0x06, 0xAA, 0xFE, 0x02, 0xEF, 0xFF,
    0x01, 0x00, 0xF8, 0x00, 0x00, 0x00, 0x00, 0x00, 0x00, 0x00, 0x00, 0x00,
    0x00, 0x00, 0x00, 0x00, 0x00, 0x00, 0x00, 0x00, 0x00, 0x00, 0x00, 0x00,
    0x02, 0xE0, 0xFB, 0x03, 0x40, 0xFD, 0x0E, 0x49, 0xFE, 0xC0, 0xC9, 0xFE,
    0xFF, 0x0A, 0xFF, 0xFF, 0xEA, 0xFE, 0x7F, 0xC9, 0xFE, 0x09, 0x2A, 0xFE,
    0x05, 0x66, 0xFE, 0x04, 0xE7, 0xFD, 0x17, 0x89, 0xFE, 0x40, 0xAB, 0xFF,
    0x24, 0xA9, 0xFE, 0x00, 0x00, 0x00, 0x06, 0xAA, 0xFE, 0x05, 0x66, 0xFE,
    0x09, 0x0A, 0xFF, 0x7F, 0xC9, 0xFE, 0xFF, 0xEA, 0xFE, 0xFF, 0x0A, 0xFF,
    0xC0, 0xC9, 0xFE, 0x0E, 0x49, 0xFE, 0x03, 0x40, 0xFD, 0x02, 0xE0, 0xFB,
    0x00, 0x00, 0x00, 0x00, 0x00, 0x00, 0x00, 0x00, 0x00, 0x00, 0x00, 0x00,
    0x00, 0x00, 0x00, 0x00, 0x00, 0x00, 0x00, 0x00, 0x00, 0x00, 0x00, 0x00,
    0x00, 0x00, 0x00, 0x01, 0xE0, 0xFF, 0x00, 0x00, 0x00, 0x07, 0xA9, 0xFD,
    0xC6, 0xA9, 0xFE, 0xFF, 0x2A, 0xFF, 0xF7, 0xEA, 0xFE, 0x37, 0x89, 0xFE,
    0x01, 0xFF, 0xFF, 0x00, 0x00, 0x00, 0x07, 0xA9, 0xFD, 0x41, 0x0A, 0xFF,
    0x46, 0x89, 0xFE, 0x4F, 0x89, 0xFE, 0x00, 0x00, 0x00, 0x00, 0x00, 0x00,
    0x34, 0x89, 0xFE, 0xF8, 0xEA, 0xFE, 0xFF, 0x2A, 0xFF, 0xC6, 0xA9, 0xFE,
    0x07, 0xA9, 0xFD, 0x00, 0x00, 0x00, 0x01, 0xE0, 0xFF, 0x00, 0x00, 0x00,
    0x00, 0x00, 0x00, 0x00, 0x00, 0x00, 0x00, 0x00, 0x00, 0x00, 0x00, 0x00,
    0x00, 0x00, 0x00, 0x00, 0x00, 0x00, 0x00, 0x00, 0x00, 0x00, 0x00, 0x00,
    0x00, 0x00, 0x00, 0x00, 0x00, 0x00, 0x03, 0x4A, 0xFD, 0x01, 0xE0, 0xFF,
    0x0C, 0xEA, 0xFD, 0xB9, 0x2A, 0xFF, 0x40, 0x69, 0xFE, 0x00, 0x00, 0x00,
    0x0D, 0x89, 0xFD, 0x78, 0xA9, 0xFE, 0xCF, 0xEA, 0xFE, 0xFF, 0x6A, 0xFF,
    0xFF, 0x2A, 0xFF, 0xFF, 0xEA, 0xFE, 0xB0, 0x0A, 0xFF, 0x40, 0xC9, 0xFE,
    0x00, 0x00, 0x00, 0x3D, 0x69, 0xFE, 0xBA, 0x2A, 0xFF, 0x0B, 0x88, 0xFE,
    0x01, 0xE0, 0xFF, 0x03, 0x4A, 0xFD, 0x00, 0x00, 0x00, 0x00, 0x00, 0x00,
    0x00, 0x00, 0x00, 0x00, 0x00, 0x00, 0x00, 0x00, 0x00, 0x00, 0x00, 0x00,
    0x00, 0x00, 0x00, 0x00, 0x00, 0x00, 0x00, 0x00, 0x00, 0x00, 0x00, 0x00,
    0x00, 0x00, 0x00, 0x00, 0x00, 0x00, 0x00, 0x00, 0x00, 0x01, 0xE0, 0xFF,
    0x00, 0x00, 0x00, 0x02, 0x00, 0xF8, 0x00, 0x00, 0x00, 0x3E, 0xA9, 0xFE,
    0xEE, 0xA9, 0xFE, 0xFF, 0xCA, 0xFE, 0xFF, 0xEA, 0xFE, 0xFA, 0x89, 0xFE,
    0xFA, 0x89, 0xFE, 0xFB, 0x89, 0xFE, 0xFF, 0x0A, 0xFF, 0xFC, 0xEA, 0xFE,
    0xC1, 0xC9, 0xFE, 0x12, 0xAA, 0xFE, 0x03, 0x00, 0xF8, 0x00, 0x00, 0x00,
    0x01, 0xE0, 0xFF, 0x00, 0x00, 0x00, 0x00, 0x00, 0x00, 0x00, 0x00, 0x00,
    0x00, 0x00, 0x00, 0x00, 0x00, 0x00, 0x00, 0x00, 0x00, 0x00, 0x00, 0x00,
    0x00, 0x00, 0x00, 0x00, 0x00, 0x00, 0x00, 0x00, 0x00, 0x00, 0x00, 0x00,
    0x01, 0x00, 0xF8, 0x01, 0x00, 0xF8, 0x01, 0xE0, 0xFF, 0x00, 0x00, 0x00,
    0x02, 0xEF, 0xFB, 0x05, 0x66, 0xFE, 0x08, 0xEB, 0xFE, 0xBD, 0x89, 0xFE,
    0xFF, 0x2A, 0xFF, 0xF9, 0x89, 0xFE, 0xFC, 0x89, 0xFE, 0xFF, 0x89, 0xFE,
    0xFF, 0x89, 0xFE, 0xFF, 0x89, 0xFE, 0xFB, 0x89, 0xFE, 0xFB, 0x89, 0xFE,
    0xFF, 0x6A, 0xFF, 0x62, 0x89, 0xFE, 0x03, 0xEA, 0xFF, 0x05, 0x66, 0xFE,
    0x01, 0x00, 0xF8, 0x01, 0xE0, 0xFF, 0x01, 0x00, 0xF8, 0x01, 0x00, 0xF8,
    0x01, 0xE0, 0xFF, 0x00, 0x00, 0x00, 0x00, 0x00, 0x00, 0x00, 0x00, 0x00,
    0x00, 0x00, 0x00, 0x00, 0x00, 0x00, 0x00, 0x00, 0x00, 0x00, 0x00, 0x00,
    0x00, 0x00, 0x00, 0x00, 0x00, 0x00, 0x00, 0x00, 0x00, 0x00, 0x00, 0x00,
    0x02, 0xE0, 0xFB, 0x00, 0x00, 0x00, 0x42, 0x89, 0xFE, 0xF9, 0x2A, 0xFF,
    0xF9, 0x89, 0xFE, 0xFF, 0x89, 0xFE, 0xFF, 0x89, 0xFE, 0xFF, 0x89, 0xFE,
    0xFF, 0x89, 0xFE, 0xFF, 0x89, 0xFE, 0xFF, 0x89, 0xFE, 0xFD, 0xA9, 0xFE,
    0xFD, 0xA9, 0xFE, 0xEC, 0x89, 0xFE, 0x00, 0x00, 0x00, 0x00, 0x00, 0x00,
    0x00, 0x00, 0x00, 0x00, 0x00, 0x00, 0x00, 0x00, 0x00, 0x00, 0x00, 0x00,
    0x00, 0x00, 0x00, 0x00, 0x00, 0x00, 0x00, 0x00, 0x00, 0x00, 0x00, 0x00,
    0x00, 0x00, 0x00, 0x00, 0x00, 0x00, 0x00, 0x00, 0x00, 0x07, 0xA9, 0xFD,
    0x0A, 0x29, 0xFF, 0x0A, 0x69, 0xFE, 0x0A, 0x69, 0xFE, 0x0A, 0x29, 0xFF,
    0x08, 0xE7, 0xFD, 0x06, 0xEA, 0xFF, 0xC2, 0x89, 0xFE, 0xFF, 0xEA, 0xFE,
    0xFD, 0x89, 0xFE, 0xFF, 0x89, 0xFE, 0xFF, 0x89, 0xFE, 0xFF, 0x89, 0xFE,
    0xFF, 0x89, 0xFE, 0xFF, 0x89, 0xFE, 0xFF, 0x89, 0xFE, 0xFF, 0x89, 0xFE,
    0xFC, 0xA9, 0xFE, 0xFE, 0xEA, 0xFE, 0x77, 0xA9, 0xFE, 0x00, 0x00, 0x00,
    0x0D, 0x29, 0xFE, 0x0A, 0x69, 0xFE, 0x0A, 0x69, 0xFE, 0x0A, 0x69, 0xFE,
    0x0A, 0x29, 0xFF, 0x03, 0xEA, 0xFF, 0x00, 0x00, 0x00, 0x00, 0x00, 0x00,
    0x00, 0x00, 0x00, 0x05, 0x66, 0xFE, 0x00, 0x00, 0x00, 0xA7, 0xA9, 0xFE,
    0xF8, 0x0A, 0xFF, 0xF4, 0x89, 0xFE, 0xF4, 0x89, 0xFE, 0xF8, 0x0A, 0xFF,
    0xA4, 0x89, 0xFE, 0x01, 0xE0, 0xFF, 0xFF, 0xA9, 0xFE, 0xFF, 0xA9, 0xFE,
    0xFE, 0x89, 0xFE, 0xFF, 0x89, 0xFE, 0xFF, 0x89, 0xFE, 0xFF, 0x89, 0xFE,
    0xFF, 0x89, 0xFE, 0xFF, 0x89, 0xFE, 0xFF, 0x89, 0xFE, 0xFF, 0x89, 0xFE,
    0xFB, 0x89, 0xFE, 0xFF, 0x2A, 0xFF, 0xB2, 0x89, 0xFE, 0x00, 0x00, 0x00,
    0xF2, 0x89, 0xFE, 0xF8, 0xA9, 0xFE, 0xF7, 0x89, 0xFE, 0xF3, 0x89, 0xFE,
    0xF8, 0x2A, 0xFF, 0x51, 0x89, 0xFE, 0x00, 0x00, 0x00, 0x04, 0xE7, 0xFF,
    0x00, 0x00, 0x00, 0x05, 0x66, 0xFE, 0x00, 0x00, 0x00, 0xA7, 0xA9, 0xFE,
    0xF8, 0x0A, 0xFF, 0xF4, 0x89, 0xFE, 0xF4, 0x89, 0xFE, 0xF8, 0x0A, 0xFF,
    0xA4, 0x89, 0xFE, 0x01, 0xE0, 0xFF, 0xFF, 0xA9, 0xFE, 0xFF, 0xA9, 0xFE,
    0xFE, 0x89, 0xFE, 0xFF, 0x89, 0xFE, 0xFF, 0x89, 0xFE, 0xFF, 0x89, 0xFE,
    0xFF, 0x89, 0xFE, 0xFF, 0x89, 0xFE, 0xFF, 0x89, 0xFE, 0xFF, 0x89, 0xFE,
    0xFB, 0x89, 0xFE, 0xFF, 0x2A, 0xFF, 0xB2, 0x89, 0xFE, 0x00, 0x00, 0x00,
    0xF2, 0x89, 0xFE, 0xF8, 0xA9, 0xFE, 0xF7, 0x89, 0xFE, 0xF3, 0x89, 0xFE,
    0xF8, 0x2A, 0xFF, 0x51, 0x89, 0xFE, 0x00, 0x00, 0x00, 0x04, 0xE7, 0xFF,
    0x00, 0x00, 0x00, 0x00, 0x00, 0x00, 0x00, 0x00, 0x00, 0x07, 0xA9, 0xFD,
    0x0A, 0x29, 0xFF, 0x0A, 0x69, 0xFE, 0x0A, 0x69, 0xFE, 0x0A, 0x29, 0xFF,
    0x08, 0xE7, 0xFD, 0x06, 0xEA, 0xFF, 0xC2, 0x89, 0xFE, 0xFF, 0xEA, 0xFE,
    0xFD, 0x89, 0xFE, 0xFF, 0x89, 0xFE, 0xFF, 0x89, 0xFE, 0xFF, 0x89, 0xFE,
    0xFF, 0x89, 0xFE, 0xFF, 0x89, 0xFE, 0xFF, 0x89, 0xFE, 0xFF, 0x89, 0xFE,
    0xFC, 0xA9, 0xFE, 0xFE, 0xEA, 0xFE, 0x77, 0xA9, 0xFE, 0x00, 0x00, 0x00,
    0x0D, 0x29, 0xFE, 0x0A, 0x69, 0xFE, 0x0A, 0x69, 0xFE, 0x0A, 0x69, 0xFE,
    0x0A, 0x29, 0xFF, 0x03, 0xEA, 0xFF, 0x00, 0x00, 0x00, 0x00, 0x00, 0x00,
    0x00, 0x00, 0x00, 0x00, 0x00, 0x00, 0x00, 0x00, 0x00, 0x00, 0x00, 0x00,
    0x00, 0x00, 0x00, 0x00, 0x00, 0x00, 0x00, 0x00, 0x00, 0x00, 0x00, 0x00,
    0x02, 0xE0, 0xFF, 0x03, 0x4A, 0xFD, 0x43, 0x89, 0xFE, 0xF8, 0x2A, 0xFF,
    0xF9, 0x89, 0xFE, 0xFF, 0x89, 0xFE, 0xFF, 0x89, 0xFE, 0xFF, 0x89, 0xFE,
    0xFF, 0x89, 0xFE, 0xFF, 0x89, 0xFE, 0xFF, 0x89, 0xFE, 0xFD, 0xA9, 0xFE,
    0xFD, 0xA9, 0xFE, 0xED, 0x89, 0xFE, 0x00, 0x00, 0x00, 0x00, 0x00, 0x00,
    0x00, 0x00, 0x00, 0x00, 0x00, 0x00, 0x00, 0x00, 0x00, 0x00, 0x00, 0x00,
    0x00, 0x00, 0x00, 0x00, 0x00, 0x00, 0x00, 0x00, 0x00, 0x00, 0x00, 0x00,
    0x00, 0x00, 0x00, 0x00, 0x00, 0x00, 0x00, 0x00, 0x00, 0x00, 0x00, 0x00,
    0x01, 0x00, 0xF8, 0x01, 0x00, 0xF8, 0x00, 0x00, 0x00, 0x00, 0x00, 0x00,
    0x02, 0xEF, 0xFF, 0x00, 0x00, 0x00, 0x04, 0xE7, 0xFF, 0xBF, 0xA9, 0xFE,
    0xFF, 0x2A, 0xFF, 0xF9, 0x89, 0xFE, 0xFC, 0x89, 0xFE, 0xFF, 0x89, 0xFE,
    0xFF, 0x89, 0xFE, 0xFF, 0x89, 0xFE, 0xFB, 0x89, 0xFE, 0xFA, 0x89, 0xFE,
    0xFF, 0x6A, 0xFF, 0x5F, 0xA9, 0xFE, 0x00, 0x00, 0x00, 0x06, 0xAA, 0xFE,
    0x01, 0x00, 0xF8, 0x00, 0x00, 0x00, 0x01, 0x00, 0xF8, 0x01, 0x00, 0xF8,
    0x01, 0xE0, 0xFF, 0x00, 0x00, 0x00, 0x00, 0x00, 0x00, 0x00, 0x00, 0x00,
    0x00, 0x00, 0x00, 0x00, 0x00, 0x00, 0x00, 0x00, 0x00, 0x00, 0x00, 0x00,
    0x00, 0x00, 0x00, 0x00, 0x00, 0x00, 0x01, 0x00, 0xF8, 0x05, 0x66, 0xFE,
    0x00, 0x00, 0x00, 0x74, 0xC9, 0xFE, 0x0E, 0xA9, 0xFD, 0x31, 0xA9, 0xFE,
    0xEE, 0xC9, 0xFE, 0xFF, 0xCA, 0xFE, 0xFF, 0xEA, 0xFE, 0xFA, 0x89, 0xFE,
    0xFA, 0x89, 0xFE, 0xFB, 0x89, 0xFE, 0xFF, 0x0A, 0xFF, 0xFD, 0xEA, 0xFE,
    0xB4, 0xC9, 0xFE, 0x1D, 0x08, 0xFE, 0x74, 0xC9, 0xFE, 0x00, 0x00, 0x00,
    0x05, 0x66, 0xFE, 0x01, 0x00, 0xF8, 0x00, 0x00, 0x00, 0x00, 0x00, 0x00,
    0x00, 0x00, 0x00, 0x00, 0x00, 0x00, 0x00, 0x00, 0x00, 0x00, 0x00, 0x00,
    0x00, 0x00, 0x00, 0x00, 0x00, 0x00, 0x00, 0x00, 0x00, 0x00, 0x00, 0x00,
    0x00, 0x00, 0x00, 0x00, 0x00, 0x00, 0x04, 0xE7, 0xFD, 0x00, 0x00, 0x00,
    0x81, 0x89, 0xFE, 0xFF, 0x4A, 0xFF, 0xC9, 0xC9, 0xFE, 0x16, 0x8A, 0xFE,
    0x09, 0x47, 0xFD, 0x78, 0xA9, 0xFE, 0xCE, 0xEA, 0xFE, 0xFF, 0x6A, 0xFF,
    0xFF, 0x4A, 0xFF, 0xFF, 0xEA, 0xFE, 0xB2, 0x0A, 0xFF, 0x42, 0xC9, 0xFE,
    0x22, 0x49, 0xFE, 0xC4, 0xCA, 0xFE, 0xFF, 0x4A, 0xFF, 0x81, 0x69, 0xFE,
    0x00, 0x00, 0x00, 0x04, 0xE7, 0xFD, 0x00, 0x00, 0x00, 0x00, 0x00, 0x00,
    0x00, 0x00, 0x00, 0x00, 0x00, 0x00, 0x00, 0x00, 0x00, 0x00, 0x00, 0x00,
    0x00, 0x00, 0x00, 0x00, 0x00, 0x00, 0x00, 0x00, 0x00, 0x00, 0x00, 0x00,
    0x01, 0x00, 0xF8, 0x03, 0x40, 0xFD, 0x00, 0x00, 0x00, 0x7C, 0xA9, 0xFE,
    0xFF, 0x0A, 0xFF, 0xFF, 0xEA, 0xFE, 0xCA, 0xC9, 0xFE, 0x24, 0xA9, 0xFE,
    0x00, 0x00, 0x00, 0x00, 0x00, 0x00, 0x0D, 0x87, 0xFD, 0x47, 0x6A, 0xFF,
    0x40, 0x48, 0xFE, 0x49, 0x89, 0xFE, 0x00, 0x00, 0x00, 0x00, 0x00, 0x00,
    0x21, 0xC9, 0xFE, 0xCB, 0xEA, 0xFE, 0xFF, 0xEA, 0xFE, 0xFF, 0x0A, 0xFF,
    0x7C, 0xA9, 0xFE, 0x00, 0x00, 0x00, 0x03, 0x40, 0xFD, 0x01, 0x00, 0xF8,
    0x00, 0x00, 0x00, 0x00, 0x00, 0x00, 0x00, 0x00, 0x00, 0x00, 0x00, 0x00,
    0x00, 0x00, 0x00, 0x00, 0x00, 0x00, 0x00, 0x00, 0x00, 0x00, 0x00, 0x00,
    0x02, 0xEF, 0xFF, 0x04, 0xE7, 0xFF, 0x93, 0x89, 0xFE, 0xFF, 0x0A, 0xFF,
    0xFF, 0xEA, 0xFE, 0xC8, 0x89, 0xFE, 0x05, 0xC6, 0xFC, 0x00, 0x00, 0x00,
    0x02, 0xE0, 0xFB, 0x05, 0x66, 0xFE, 0x00, 0x00, 0x00, 0x24, 0x28, 0xFE,
    0x41, 0xCB, 0xFF, 0x08, 0xEB, 0xFE, 0x04, 0xE7, 0xFD, 0x04, 0xE7, 0xFD,
    0x00, 0x00, 0x00, 0x05, 0xC6, 0xFC, 0xC8, 0x89, 0xFE, 0xFF, 0xEA, 0xFE,
    0xFF, 0x0A, 0xFF, 0x93, 0x89, 0xFE, 0x04, 0xE7, 0xFF, 0x02, 0xEF, 0xFF,
    0x00, 0x00, 0x00, 0x00, 0x00, 0x00, 0x00, 0x00, 0x00, 0x00, 0x00, 0x00,
    0x00, 0x00, 0x00, 0x00, 0x00, 0x00, 0x00, 0x00, 0x00, 0x00, 0x00, 0x00,
    0x02, 0xEF, 0xFF, 0x04, 0xE7, 0xFF, 0x90, 0x89, 0xFE, 0xFF, 0x4A, 0xFF,
    0xC1, 0xCA, 0xFE, 0x0D, 0xA9, 0xFE, 0x02, 0xE0, 0xFF, 0x03, 0x4A, 0xFD,
    0x00, 0x00, 0x00, 0x05, 0x66, 0xFE, 0x01, 0xE0, 0xFF, 0xBA, 0x89, 0xFE,
    0xFF, 0xEC, 0xFF, 0x59, 0xA9, 0xFE, 0x00, 0x00, 0x00, 0x04, 0xE7, 0xFD,
    0x03, 0x4A, 0xFD, 0x02, 0xE0, 0xFF, 0x0D, 0xA9, 0xFE, 0xC1, 0xCA, 0xFE,
    0xFF, 0x4A, 0xFF, 0x90, 0x89, 0xFE, 0x04, 0xE7, 0xFF, 0x02, 0xEF, 0xFF,
    0x00, 0x00, 0x00, 0x00, 0x00, 0x00, 0x00, 0x00, 0x00, 0x00, 0x00, 0x00,
    0x00, 0x00, 0x00, 0x00, 0x00, 0x00, 0x00, 0x00, 0x00, 0x00, 0x00, 0x00,
    0x01, 0x00, 0xF8, 0x02, 0xE0, 0xFB, 0x00, 0x00, 0x00, 0x71, 0xCA, 0xFE,
    0x13, 0xC8, 0xFD, 0x00, 0x00, 0x00, 0x02, 0xE0, 0xFB, 0x00, 0x00, 0x00,
    0x00, 0x00, 0x00, 0x05, 0x66, 0xFE, 0x00, 0x00, 0x00, 0xA5, 0x89, 0xFE,
    0xFA, 0x8B, 0xFF, 0x4E, 0x89, 0xFE, 0x00, 0x00, 0x00, 0x04, 0xE7, 0xFD,
    0x00, 0x00, 0x00, 0x02, 0xE0, 0xFB, 0x00, 0x00, 0x00, 0x13, 0xC8, 0xFD,
    0x71, 0xCA, 0xFE, 0x00, 0x00, 0x00, 0x02, 0xE0, 0xFB, 0x01, 0x00, 0xF8,
    0x00, 0x00, 0x00, 0x00, 0x00, 0x00, 0x00, 0x00, 0x00, 0x00, 0x00, 0x00,
    0x00, 0x00, 0x00, 0x00, 0x00, 0x00, 0x00, 0x00, 0x00, 0x00, 0x00, 0x00,
    0x00, 0x00, 0x00, 0x00, 0x00, 0x00, 0x02, 0xEF, 0xFB, 0x00, 0x00, 0x00,
    0x00, 0x00, 0x00, 0x01, 0xE0, 0xFF, 0x00, 0x00, 0x00, 0x00, 0x00, 0x00,
    0x00, 0x00, 0x00, 0x05, 0x66, 0xFE, 0x00, 0x00, 0x00, 0xA8, 0x89, 0xFE,
    0xFE, 0x8B, 0xFF, 0x4F, 0x89, 0xFE, 0x00, 0x00, 0x00, 0x04, 0xE7, 0xFD,
    0x00, 0x00, 0x00, 0x00, 0x00, 0x00, 0x01, 0xE0, 0xFF, 0x00, 0x00, 0x00,
    0x00, 0x00, 0x00, 0x02, 0xEF, 0xFB, 0x00, 0x00, 0x00, 0x00, 0x00, 0x00,
    0x00, 0x00, 0x00, 0x00, 0x00, 0x00, 0x00, 0x00, 0x00, 0x00, 0x00, 0x00,
    0x00, 0x00, 0x00, 0x00, 0x00, 0x00, 0x00, 0x00, 0x00, 0x00, 0x00, 0x00,
    0x00, 0x00, 0x00, 0x00, 0x00, 0x00, 0x00, 0x00, 0x00, 0x03, 0xEA, 0xFF,
    0x01, 0xE0, 0xFF, 0x00, 0x00, 0x00, 0x00, 0x00, 0x00, 0x00, 0x00, 0x00,
    0x00, 0x00, 0x00, 0x05, 0x66, 0xFE, 0x00, 0x00, 0x00, 0xAA, 0x89, 0xFE,
    0xFF, 0xAB, 0xFF, 0x50, 0x89, 0xFE, 0x00, 0x00, 0x00, 0x04, 0xE7, 0xFD,
    0x00, 0x00, 0x00, 0x00, 0x00, 0x00, 0x00, 0x00, 0x00, 0x01, 0xE0, 0xFF,
    0x03, 0xEA, 0xFF, 0x00, 0x00, 0x00, 0x00, 0x00, 0x00, 0x00, 0x00, 0x00,
    0x00, 0x00, 0x00, 0x00, 0x00, 0x00, 0x00, 0x00, 0x00, 0x00, 0x00, 0x00,
    0x00, 0x00, 0x00, 0x00, 0x00, 0x00, 0x00, 0x00, 0x00, 0x00, 0x00, 0x00,
    0x00, 0x00, 0x00, 0x00, 0x00, 0x00, 0x00, 0x00, 0x00, 0x00, 0x00, 0x00,
    0x00, 0x00, 0x00, 0x00, 0x00, 0x00, 0x00, 0x00, 0x00, 0x00, 0x00, 0x00,
    0x00, 0x00, 0x00, 0x05, 0x66, 0xFE, 0x00, 0x00, 0x00, 0xA1, 0x89, 0xFE,
    0xF5, 0x8B, 0xFF, 0x4C, 0x89, 0xFE, 0x00, 0x00, 0x00, 0x04, 0xE7, 0xFD,
    0x00, 0x00, 0x00, 0x00, 0x00, 0x00, 0x00, 0x00, 0x00, 0x00, 0x00, 0x00,
    0x00, 0x00, 0x00, 0x00, 0x00, 0x00, 0x00, 0x00, 0x00, 0x00, 0x00, 0x00,
    0x00, 0x00, 0x00, 0x00, 0x00, 0x00, 0x00, 0x00, 0x00, 0x00, 0x00, 0x00,
    0x00, 0x00, 0x00, 0x00, 0x00, 0x00, 0x00, 0x00, 0x00, 0x00, 0x00, 0x00,
    0x00, 0x00, 0x00, 0x00, 0x00, 0x00, 0x00, 0x00, 0x00, 0x00, 0x00, 0x00,
    0x00, 0x00, 0x00, 0x00, 0x00, 0x00, 0x00, 0x00, 0x00, 0x00, 0x00, 0x00,
    0x00, 0x00, 0x00, 0x00, 0x00, 0x00, 0x00, 0x00, 0x00, 0x07, 0xC9, 0xFE,
    0x0A, 0xEC, 0xFF, 0x03, 0xEA, 0xFF, 0x00, 0x00, 0x00, 0x00, 0x00, 0x00,
    0x00, 0x00, 0x00, 0x00, 0x00, 0x00, 0x00, 0x00, 0x00, 0x00, 0x00, 0x00,
    0x00, 0x00, 0x00, 0x00, 0x00, 0x00, 0x00, 0x00, 0x00, 0x00, 0x00, 0x00,
    0x00, 0x00, 0x00, 0x00, 0x00, 0x00, 0x00, 0x00, 0x00, 0x00, 0x00, 0x00,
    0x00, 0x00, 0x00, 0x00, 0x00, 0x00, 0x00, 0x00, 0x00, 0x00, 0x00, 0x00,
    0x00, 0x00, 0x00, 0x00, 0x00, 0x00, 0x00, 0x00, 0x00, 0x00, 0x00, 0x00,
    0x00, 0x00, 0x00, 0x00, 0x00, 0x00, 0x00, 0x00, 0x00, 0x00, 0x00, 0x00,
    0x00, 0x00, 0x00, 0x00, 0x00, 0x00, 0x00, 0x00, 0x00, 0x00, 0x00, 0x00,
    0x00, 0x00, 0x00, 0x00, 0x00, 0x00, 0x00, 0x00, 0x00, 0x00, 0x00, 0x00,
    0x00, 0x00, 0x00, 0x00, 0x00, 0x00, 0x00, 0x00, 0x00, 0x00, 0x00, 0x00,
    0x00, 0x00, 0x00, 0x00, 0x00, 0x00, 0x00, 0x00, 0x00, 0x00, 0x00, 0x00,
    0x00, 0x00, 0x00, 0x00, 0x00, 0x00, 0x00, 0x00, 0x00, 0x00, 0x00, 0x00,
    0x00, 0x00, 0x00, 0x00, 0x00, 0x00, 0x00, 0x00, 0x00, 0x00, 0x00, 0x00,
    0x00, 0x00, 0x00, 0x00, 0x00, 0x00, 0x00, 0x00, 0x00, 0x00, 0x00, 0x00,
    0x00, 0x00, 0x00, 0x00, 0x00, 0x00, 0x00, 0x00, 0x00, 0x00, 0x00, 0x00,
    0x00, 0x00, 0x00, 0x00, 0x00, 0x00, 0x00, 0x00, 0x00, 0x00, 0x00, 0x00,
    0x01, 0xE0, 0xFF, 0x00, 0x00, 0x00, 0x00, 0x00, 0x00, 0x00, 0x00, 0x00,
    0x00, 0x00, 0x00, 0x00, 0x00, 0x00, 0x00, 0x00, 0x00, 0x00, 0x00, 0x00,
    0x00, 0x00, 0x00, 0x00, 0x00, 0x00, 0x00, 0x00, 0x00, 0x00, 0x00, 0x00,
    0x00, 0x00, 0x00, 0x00, 0x00, 0x00, 0x00, 0x00, 0x00, 0x00, 0x00, 0x00,
    0x00, 0x00, 0x00, 0x00, 0x00, 0x00, 0x00, 0x00, 0x00, 0x00, 0x00, 0x00,
    0x00, 0x00, 0x00, 0x00, 0x00, 0x00, 0x00, 0x00, 0x00, 0x00, 0x00, 0x00,
    0x00, 0x00, 0x00, 0x00, 0x00, 0x00, 0x00, 0x00, 0x00, 0x00, 0x00, 0x00,
    0x00, 0x00, 0x00, 0x00, 0x00, 0x00, 0x00, 0x00, 0x00, 0x00, 0x00, 0x00,
    0x00, 0x00, 0x00, 0x00, 0x00, 0x00, 0x00, 0x00, 0x00, 0x00, 0x00, 0x00,
    0x00, 0x00, 0x00, 0x00, 0x00, 0x00, 0x00, 0x00, 0x00, 0x00, 0x00, 0x00,
    0x00, 0x00, 0x00, 0x00, 0x00, 0x00, 0x00, 0x00, 0x00, 0x00, 0x00, 0x00,
    0x00, 0x00, 0x00, 0x00, 0x00, 0x00, 0x00, 0x00, 0x00, 0x00, 0x00, 0x00,
};
static const lv_image_dsc_t weather_icon_sun = {
    .header = {.magic = LV_IMAGE_HEADER_MAGIC, .cf = LV_COLOR_FORMAT_ARGB8565, .w = 32, .h = 32, .stride = 96},
    .data_size = 3072,
    .data = weather_icon_sun_data,
};

/* sun_cloud */
static const uint8_t weather_icon_sun_cloud_data[] = {
    0x00, 0x00, 0x00, 0x00, 0x00, 0x00, 0x00, 0x00, 0x00, 0x00, 0x00, 0x00,
    0x00, 0x00, 0x00, 0x00, 0x00, 0x00, 0x00, 0x00, 0x00, 0x00, 0x00, 0x00,
    0x00, 0x00, 0x00, 0x00, 0x00, 0x00, 0x00, 0x00, 0x00, 0x00, 0x00, 0x00,
    0x00, 0x00, 0x00, 0x00, 0x00, 0x00, 0x00, 0x00, 0x00, 0x00, 0x00, 0x00,
    0x00, 0x00, 0x00, 0x00, 0x00, 0x00, 0x00, 0x00, 0x00, 0x00, 0x00, 0x00,
    0x00, 0x00, 0x00, 0x00, 0x00, 0x00, 0x00, 0x00, 0x00, 0x00, 0x00, 0x00,
    0x00, 0x00, 0x00, 0x00, 0x00, 0x00, 0x00, 0x00, 0x00, 0x00, 0x00, 0x00,
    0x00, 0x00, 0x00, 0x00, 0x00, 0x00, 0x00, 0x00, 0x00, 0x00, 0x00, 0x00,
    0x00, 0x00, 0x00, 0x00, 0x00, 0x00, 0x00, 0x00, 0x00, 0x00, 0x00, 0x00,
    0x00, 0x00, 0x00, 0x00, 0x00, 0x00, 0x00, 0x00, 0x00, 0x00, 0x00, 0x00,
    0x00, 0x00, 0x00, 0x00, 0x00, 0x00, 0x03, 0xEA, 0xFF, 0x0A, 0xEC, 0xFF,
    0x07, 0xC9, 0xFE, 0x00, 0x00, 0x00, 0x00, 0x00, 0x00, 0x00, 0x00, 0x00,
    0x00, 0x00, 0x00, 0x00, 0x00, 0x00, 0x00, 0x00, 0x00, 0x00, 0x00, 0x00,
    0x00, 0x00, 0x00, 0x00, 0x00, 0x00, 0x00, 0x00, 0x00, 0x00, 0x00, 0x00,
    0x00, 0x00, 0x00, 0x00, 0x00, 0x00, 0x00, 0x00, 0x00, 0x00, 0x00, 0x00,
    0x00, 0x00, 0x00, 0x00, 0x00, 0x00, 0x00, 0x00, 0x00, 0x00, 0x00, 0x00,
    0x00, 0x00, 0x00, 0x00, 0x00, 0x00, 0x00, 0x00, 0x00, 0x02, 0xEF, 0xFF,
    0x00, 0x00, 0x00, 0x01, 0xE0, 0xFF, 0x00, 0x00, 0x00, 0x00, 0x00, 0x00,
    0x04, 0xE7, 0xFD, 0x00, 0x00, 0x00, 0x4C, 0x89, 0xFE, 0xF5, 0x8B, 0xFF,
    0xA2, 0x89, 0xFE, 0x00, 0x00, 0x00, 0x05, 0x66, 0xFE, 0x00, 0x00, 0x00,
    0x00, 0x00, 0x00, 0x00, 0x00, 0x00, 0x01, 0xE0, 0xFF, 0x00, 0x00, 0x00,
    0x02, 0xEF, 0xFF, 0x00, 0x00, 0x00, 0x00, 0x00, 0x00, 0x00, 0x00, 0x00,
    0x00, 0x00, 0x00, 0x00, 0x00, 0x00, 0x00, 0x00, 0x00, 0x00, 0x00, 0x00,
    0x00, 0x00, 0x00, 0x00, 0x00, 0x00, 0x00, 0x00, 0x00, 0x00, 0x00, 0x00,
    0x00, 0x00, 0x00, 0x00, 0x00, 0x00, 0x01, 0xE0, 0xFF, 0x00, 0x00, 0x00,
    0x00, 0x00, 0x00, 0x00, 0x00, 0x00, 0x01, 0xE0, 0xFF, 0x00, 0x00, 0x00,
    0x04, 0xE7, 0xFD, 0x00, 0x00, 0x00, 0x50, 0x89, 0xFE, 0xFF, 0xAB, 0xFF,
    0xAA, 0x89, 0xFE, 0x00, 0x00, 0x00, 0x05, 0x66, 0xFE, 0x00, 0x00, 0x00,
    0x00, 0x00, 0x00, 0x01, 0xE0, 0xFF, 0x00, 0x00, 0x00, 0x00, 0x00, 0x00,
    0x00, 0x00, 0x00, 0x01, 0xE0, 0xFF, 0x00, 0x00, 0x00, 0x00, 0x00, 0x00,
    0x00, 0x00, 0x00, 0x00, 0x00, 0x00, 0x00, 0x00, 0x00, 0x00, 0x00, 0x00,
    0x00, 0x00, 0x00, 0x00, 0x00, 0x00, 0x00, 0x00, 0x00, 0x00, 0x00, 0x00,
    0x00, 0x00, 0x00, 0x03, 0x40, 0xFD, 0x00, 0x00, 0x00, 0x40, 0x69, 0xFE,
    0xBA, 0x0A, 0xFF, 0x0C, 0xE7, 0xFD, 0x01, 0xE0, 0xFF, 0x03, 0x4A, 0xFD,
    0x04, 0xE7, 0xFD, 0x00, 0x00, 0x00, 0x4F, 0x89, 0xFE, 0xFE, 0x8B, 0xFF,
    0xA8, 0x89, 0xFE, 0x00, 0x00, 0x00, 0x05, 0x66, 0xFE, 0x00, 0x00, 0x00,
    0x03, 0x4A, 0xFD, 0x01, 0xE0, 0xFF, 0x0C, 0xE7, 0xFD, 0xBA, 0x0A, 0xFF,
    0x40, 0x69, 0xFE, 0x00, 0x00, 0x00, 0x03, 0x40, 0xFD, 0x00, 0x00, 0x00,
    0x00, 0x00, 0x00, 0x00, 0x00, 0x00, 0x00, 0x00, 0x00, 0x00, 0x00, 0x00,
    0x00, 0x00, 0x00, 0x00, 0x00, 0x00, 0x00, 0x00, 0x00, 0x00, 0x00, 0x00,
    0x03, 0xEA, 0xFF, 0x02, 0xEF, 0xFF, 0x35, 0x89, 0xFE, 0xF7, 0xEA, 0xFE,
    0xFF, 0x2A, 0xFF, 0xC6, 0xA9, 0xFE, 0x07, 0xA9, 0xFD, 0x00, 0x00, 0x00,
    0x06, 0x45, 0xFD, 0x00, 0x00, 0x00, 0x4E, 0x89, 0xFE, 0xFA, 0x8B, 0xFF,
    0xA5, 0x89, 0xFE, 0x00, 0x00, 0x00, 0x05, 0x66, 0xFE, 0x01, 0xE0, 0xFF,
    0x00, 0x00, 0x00, 0x07, 0xA9, 0xFD, 0xC6, 0xA9, 0xFE, 0xFF, 0x2A, 0xFF,
    0xF7, 0xEA, 0xFE, 0x35, 0x69, 0xFE, 0x02, 0xEF, 0xFF, 0x03, 0x4A, 0xFD,
    0x00, 0x00, 0x00, 0x00, 0x00, 0x00, 0x00, 0x00, 0x00, 0x00, 0x00, 0x00,
    0x00, 0x00, 0x00, 0x00, 0x00, 0x00, 0x00, 0x00, 0x00, 0x00, 0x00, 0x00,
    0x00, 0x00, 0x00, 0x03, 0x4A, 0xFD, 0x09, 0x0A, 0xFF, 0x7F, 0xC9, 0xFE,
    0xFF, 0xEA, 0xFE, 0xFF, 0x0A, 0xFF, 0xC0, 0xC9, 0xFE, 0x0E, 0x49, 0xFE,
    0x05, 0x6C, 0xFE, 0x00, 0x00, 0x00, 0x57, 0x89, 0xFE, 0xFF, 0xEC, 0xFF,
    0xBA, 0x89, 0xFE, 0x04, 0xE7, 0xFD, 0x07, 0xC9, 0xFE, 0x03, 0x40, 0xFD,
    0x0E, 0x49, 0xFE, 0xC0, 0xC9, 0xFE, 0xFF, 0x0A, 0xFF, 0xFF, 0x0A, 0xFF,
    0x83, 0xCA, 0xFE, 0x0D, 0xAE, 0xEE, 0x06, 0x4F, 0xD5, 0x00, 0x00, 0x00,
    0x00, 0x00, 0x00, 0x00, 0x00, 0x00, 0x00, 0x00, 0x00, 0x00, 0x00, 0x00,
    0x00, 0x00, 0x00, 0x00, 0x00, 0x00, 0x00, 0x00, 0x00, 0x00, 0x00, 0x00,
    0x00, 0x00, 0x00, 0x00, 0x00, 0x00, 0x00, 0x00, 0x00, 0x00, 0x00, 0x00,
    0x83, 0x89, 0xFE, 0xFF, 0xEA, 0xFE, 0xFF, 0x2A, 0xFF, 0xC6, 0x89, 0xFE,
    0x05, 0xE6, 0xFF, 0x04, 0xE7, 0xFD, 0x18, 0x49, 0xFE, 0x40, 0xAB, 0xFF,
    0x24, 0xA9, 0xFE, 0x00, 0x00, 0x00, 0x08, 0xEB, 0xFD, 0x08, 0xE7, 0xFE,
    0xC6, 0x89, 0xFE, 0xFF, 0x2A, 0xFF, 0xFF, 0x0A, 0xFF, 0x79, 0x88, 0xFE,
    0x00, 0x00, 0x00, 0x00, 0x00, 0x00, 0x00, 0x00, 0x00, 0x02, 0xFF, 0x7B,
    0x00, 0x00, 0x00, 0x00, 0x00, 0x00, 0x00, 0x00, 0x00, 0x00, 0x00, 0x00,
    0x00, 0x00, 0x00, 0x00, 0x00, 0x00, 0x00, 0x00, 0x00, 0x00, 0x00, 0x00,
    0x00, 0x00, 0x00, 0x00, 0x00, 0x00, 0x01, 0x00, 0xF8, 0x06, 0xA5, 0xFE,
    0x00, 0x00, 0x00, 0x81, 0xA9, 0xFE, 0xEC, 0x2A, 0xFF, 0x46, 0x89, 0xFE,
    0x06, 0xAA, 0xFE, 0x00, 0x00, 0x00, 0x07, 0xA9, 0xFD, 0x41, 0x0A, 0xFF,
    0x46, 0x89, 0xFE, 0x4F, 0x89, 0xFE, 0x00, 0x00, 0x00, 0x00, 0x00, 0x00,
    0x48, 0xA9, 0xFE, 0xF0, 0x2A, 0xFF, 0x70, 0xC8, 0xFE, 0x26, 0x1E, 0xAE,
    0x59, 0xDA, 0xDE, 0x54, 0xBC, 0xD6, 0x31, 0x39, 0xC6, 0x00, 0x00, 0x00,
    0x05, 0x79, 0xCE, 0x00, 0x00, 0x00, 0x00, 0x00, 0x00, 0x00, 0x00, 0x00,
    0x00, 0x00, 0x00, 0x00, 0x00, 0x00, 0x00, 0x00, 0x00, 0x00, 0x00, 0x00,
    0x00, 0x00, 0x00, 0x00, 0x00, 0x00, 0x00, 0x00, 0x00, 0x00, 0x00, 0x00,
    0x02, 0xE0, 0xFB, 0x00, 0x00, 0x00, 0x2D, 0x29, 0xFE, 0x00, 0x00, 0x00,
    0x00, 0x00, 0x00, 0x77, 0xC9, 0xFE, 0xCF, 0xEA, 0xFE, 0xFF, 0x6A, 0xFF,
    0xFF, 0x2A, 0xFF, 0xFF, 0xEA, 0xFE, 0xB1, 0x0A, 0xFF, 0x3E, 0x49, 0xFE,
    0x00, 0x00, 0x00, 0x27, 0x25, 0xFE, 0x32, 0x1C, 0xBE, 0xF1, 0xBC, 0xD6,
    0xFF, 0xFD, 0xDE, 0xFF, 0xFD, 0xDE, 0xF3, 0xBB, 0xD6, 0x3E, 0x39, 0xC6,
    0x00, 0x00, 0x00, 0x03, 0x55, 0xAD, 0x00, 0x00, 0x00, 0x00, 0x00, 0x00,
    0x00, 0x00, 0x00, 0x00, 0x00, 0x00, 0x00, 0x00, 0x00, 0x00, 0x00, 0x00,
    0x01, 0xE0, 0xFF, 0x04, 0xE7, 0xFF, 0x04, 0xE7, 0xFD, 0x04, 0xE7, 0xFD,
    0x04, 0xE7, 0xFF, 0x05, 0x66, 0xFE, 0x00, 0x00, 0x00, 0x04, 0xE7, 0xFD,
    0x83, 0x89, 0xFE, 0xFF, 0x2A, 0xFF, 0xFF, 0xCA, 0xFE, 0xFA, 0x89, 0xFE,
    0xFA, 0x89, 0xFE, 0xFA, 0x89, 0xFE, 0xFF, 0x2A, 0xFF, 0xF8, 0xC9, 0xFE,
    0x2F, 0xC0, 0xFE, 0x23, 0x7F, 0xA6, 0xFA, 0xBB, 0xD6, 0xFF, 0x9B, 0xCE,
    0xF9, 0x5A, 0xC6, 0xF9, 0x5A, 0xC6, 0xFF, 0x9B, 0xCE, 0xF8, 0x9B, 0xCE,
    0x3D, 0x5A, 0xCE, 0x00, 0x00, 0x00, 0x02, 0xEF, 0x7B, 0x00, 0x00, 0x00,
    0x00, 0x00, 0x00, 0x00, 0x00, 0x00, 0x00, 0x00, 0x00, 0x00, 0x00, 0x00,
    0x00, 0x00, 0x00, 0x00, 0x00, 0x00, 0x00, 0x00, 0x00, 0x00, 0x00, 0x00,
    0x00, 0x00, 0x00, 0x00, 0x00, 0x00, 0x02, 0xEF, 0xFF, 0x11, 0x09, 0xFF,
    0xFF, 0xA9, 0xFE, 0xFD, 0xA9, 0xFE, 0xFC, 0x89, 0xFE, 0xFF, 0x89, 0xFE,
    0xFF, 0x89, 0xFE, 0xFF, 0x89, 0xFE, 0xF9, 0x88, 0xFE, 0xFF, 0xEB, 0xFE,
    0xE9, 0x75, 0xDE, 0xEC, 0x7B, 0xC6, 0xFF, 0xBB, 0xD6, 0xFC, 0x5A, 0xC6,
    0xFF, 0x7A, 0xCE, 0xFF, 0x7A, 0xCE, 0xF9, 0x5A, 0xC6, 0xFF, 0xFC, 0xDE,
    0xBD, 0x7A, 0xCE, 0x03, 0xFF, 0xFF, 0x05, 0x79, 0xCE, 0x00, 0x00, 0x00,
    0x00, 0x00, 0x00, 0x00, 0x00, 0x00, 0x00, 0x00, 0x00, 0x00, 0x00, 0x00,
    0x1A, 0xA9, 0xFE, 0x4F, 0x0A, 0xFF, 0x4D, 0x89, 0xFE, 0x4E, 0xA9, 0xFE,
    0x4F, 0xA9, 0xFE, 0x50, 0x89, 0xFE, 0x00, 0x00, 0x00, 0xA4, 0x89, 0xFE,
    0xFB, 0x0A, 0xFF, 0xFB, 0x89, 0xFE, 0xFF, 0x89, 0xFE, 0xFF, 0x89, 0xFE,
    0xFF, 0x89, 0xFE, 0xFF, 0xA8, 0xFE, 0xFF, 0x92, 0xE6, 0xFE, 0x5A, 0xC6,
    0xFF, 0x7B, 0xCE, 0xFF, 0x9A, 0xCE, 0xFE, 0x5A, 0xC6, 0xFF, 0x7A, 0xCE,
    0xFF, 0x7A, 0xCE, 0xFF, 0x7A, 0xCE, 0xFF, 0x7A, 0xCE, 0xFA, 0x7A, 0xC6,
    0xF9, 0xFC, 0xD6, 0x50, 0x5A, 0xC6, 0x00, 0x00, 0x00, 0x04, 0xF7, 0xBD,
    0x00, 0x00, 0x00, 0x00, 0x00, 0x00, 0x00, 0x00, 0x00, 0x00, 0x00, 0x00,
    0x63, 0x89, 0xFE, 0xFF, 0xEB, 0xFF, 0xFF, 0x6B, 0xFF, 0xFF, 0x8B, 0xFF,
    0xFF, 0xAB, 0xFF, 0xFF, 0x6A, 0xFF, 0x00, 0x00, 0x00, 0xA7, 0xA9, 0xFE,
    0xFF, 0x0A, 0xFF, 0xFB, 0x89, 0xFE, 0xFF, 0x89, 0xFE, 0xFF, 0x89, 0xFE,
    0xFF, 0xA8, 0xFE, 0xFF, 0x91, 0xE6, 0xFF, 0x5C, 0xC6, 0xFF, 0x7A, 0xCE,
    0xFD, 0x7A, 0xCE, 0xFD, 0x7A, 0xCE, 0xFF, 0x7A, 0xCE, 0xFF, 0x7A, 0xCE,
    0xFF, 0x7A, 0xCE, 0xFF, 0x7A, 0xCE, 0xFF, 0x7A, 0xCE, 0xFA, 0x7A, 0xC6,
    0xFF, 0xFC, 0xDE, 0x54, 0x5A, 0xCE, 0x00, 0x00, 0x00, 0x04, 0xF7, 0xBD,
    0x00, 0x00, 0x00, 0x00, 0x00, 0x00, 0x00, 0x00, 0x00, 0x00, 0x00, 0x00,
    0x39, 0x89, 0xFE, 0xA8, 0x0A, 0xFF, 0xA5, 0x89, 0xFE, 0xA7, 0xA9, 0xFE,
    0xA8, 0xA9, 0xFE, 0xA6, 0x89, 0xFE, 0x00, 0x00, 0x00, 0xB7, 0x89, 0xFE,
    0xFD, 0x0A, 0xFF, 0xFB, 0x89, 0xFE, 0xFF, 0x89, 0xFE, 0xFF, 0x8A, 0xFE,
    0xFF, 0xA8, 0xFE, 0xFF, 0x75, 0xD6, 0xFF, 0x5B, 0xC6, 0xFF, 0x7A, 0xCE,
    0xFF, 0x7A, 0xCE, 0xFF, 0x7A, 0xCE, 0xFF, 0x7A, 0xCE, 0xFF, 0x7A, 0xCE,
    0xFF, 0x7A, 0xCE, 0xFF, 0x7A, 0xCE, 0xFF, 0x7A, 0xCE, 0xFA, 0x7A, 0xC6,
    0xFF, 0xFC, 0xDE, 0x51, 0x5A, 0xC6, 0x00, 0x00, 0x00, 0x08, 0xF7, 0xBD,
    0x00, 0x00, 0x00, 0x00, 0x00, 0x00, 0x00, 0x00, 0x00, 0x00, 0x00, 0x00,
    0x00, 0x00, 0x00, 0x00, 0x00, 0x00, 0x00, 0x00, 0x00, 0x00, 0x00, 0x00,
    0x00, 0x00, 0x00, 0x00, 0x00, 0x00, 0x03, 0x4A, 0xFD, 0x40, 0x89, 0xFE,
    0xFF, 0xCA, 0xFE, 0xFC, 0x89, 0xFE, 0xFE, 0x89, 0xFE, 0xFF, 0x8A, 0xFE,
    0xFF, 0xA7, 0xFE, 0xFF, 0x74, 0xDE, 0xFF, 0x5B, 0xC6, 0xFF, 0x7A, 0xCE,
    0xFF, 0x7A, 0xCE, 0xFF, 0x7A, 0xCE, 0xFF, 0x7A, 0xCE, 0xFF, 0x7A, 0xCE,
    0xFF, 0x7A, 0xCE, 0xFF, 0x7A, 0xCE, 0xFF, 0x7A, 0xCE, 0xFA, 0x7A, 0xC6,
    0xFF, 0xFC, 0xD6, 0x5A, 0x7A, 0xCE, 0x01, 0xFF, 0xFF, 0x00, 0x00, 0x00,
    0x00, 0x00, 0x00, 0x00, 0x00, 0x00, 0x00, 0x00, 0x00, 0x00, 0x00, 0x00,
    0x02, 0xE0, 0xFB, 0x05, 0x6C, 0xFE, 0x05, 0x66, 0xFE, 0x05, 0x66, 0xFE,
    0x06, 0xAA, 0xFE, 0x02, 0xEF, 0xFF, 0x00, 0x00, 0x00, 0x00, 0x00, 0x00,
    0xC7, 0x89, 0xFE, 0xFF, 0x2A, 0xFF, 0xFD, 0x89, 0xFE, 0xFE, 0x89, 0xFE,
    0xFF, 0x8E, 0xEE, 0xFF, 0x76, 0xD6, 0xFF, 0x5B, 0xC6, 0xFF, 0x7A, 0xCE,
    0xFF, 0x7A, 0xCE, 0xFF, 0x7A, 0xCE, 0xFF, 0x7A, 0xCE, 0xFF, 0x7A, 0xCE,
    0xFF, 0x7A, 0xCE, 0xFF, 0x7A, 0xCE, 0xFF, 0x7A, 0xCE, 0xFF, 0x7A, 0xCE,
    0xFC, 0x7A, 0xCE, 0xF8, 0xBB, 0xD6, 0xC0, 0x7A, 0xCE, 0x4F, 0x5A, 0xCE,
    0x04, 0xFF, 0xFF, 0x00, 0x00, 0x00, 0x00, 0x00, 0x00, 0x00, 0x00, 0x00,
    0x00, 0x00, 0x00, 0x00, 0x00, 0x00, 0x00, 0x00, 0x00, 0x02, 0xE0, 0xFB,
    0x00, 0x00, 0x00, 0x13, 0xC8, 0xFD, 0x73, 0xC9, 0xFE, 0x00, 0x00, 0x00,
    0x0D, 0xA9, 0xFE, 0xC0, 0xEA, 0xFE, 0xFC, 0xE9, 0xFE, 0xFF, 0xAB, 0xFE,
    0xFE, 0x5B, 0xC6, 0xFF, 0x7B, 0xC6, 0xFF, 0x7A, 0xCE, 0xFF, 0x7A, 0xCE,
    0xFF, 0x7A, 0xCE, 0xFF, 0x7A, 0xCE, 0xFF, 0x7A, 0xCE, 0xFF, 0x7A, 0xCE,
    0xFF, 0x7A, 0xCE, 0xFF, 0x7A, 0xCE, 0xFF, 0x7A, 0xCE, 0xFF, 0x7A, 0xCE,
    0xFF, 0x7A, 0xCE, 0xFF, 0x7A, 0xCE, 0xFF, 0xBB, 0xD6, 0xFF, 0xBB, 0xD6,
    0x11, 0x9C, 0xD6, 0x00, 0x00, 0x00, 0x01, 0x00, 0x00, 0x00, 0x00, 0x00,
    0x00, 0x00, 0x00, 0x00, 0x00, 0x00, 0x03, 0x4A, 0xFD, 0x02, 0xE0, 0xFF,
    0x0D, 0xA9, 0xFE, 0xC1, 0xCA, 0xFE, 0xFF, 0x4A, 0xFF, 0x90, 0x89, 0xFE,
    0x01, 0xE0, 0xFF, 0x01, 0x1F, 0xF8, 0x40, 0xA6, 0xFE, 0xE4, 0xD6, 0xE6,
    0xFC, 0x9B, 0xCE, 0xFE, 0x5A, 0xCE, 0xFF, 0x7A, 0xCE, 0xFF, 0x7A, 0xCE,
    0xFF, 0x7A, 0xCE, 0xFF, 0x7A, 0xCE, 0xFF, 0x7A, 0xCE, 0xFF, 0x7A, 0xCE,
    0xFF, 0x7A, 0xCE, 0xFF, 0x7A, 0xCE, 0xFF, 0x7A, 0xCE, 0xFF, 0x7A, 0xCE,
    0xFF, 0x7A, 0xCE, 0xFF, 0x7A, 0xCE, 0xF9, 0x7A, 0xCE, 0xFA, 0xDC, 0xD6,
    0xA5, 0x7A, 0xCE, 0x00, 0x00, 0x00, 0x05, 0x79, 0xCE, 0x00, 0x00, 0x00,
    0x00, 0x00, 0x00, 0x01, 0xE0, 0xFF, 0x00, 0x00, 0x00, 0x05, 0xC6, 0xFC,
    0xC8, 0x89, 0xFE, 0xFF, 0xEA, 0xFE, 0xFF, 0x0A, 0xFF, 0x93, 0x89, 0xFE,
    0x06, 0xAA, 0xFE, 0x06, 0xB5, 0xD6, 0x00, 0x00, 0x00, 0xA5, 0x5B, 0xC6,
    0xFF, 0xFC, 0xDE, 0xFB, 0x7A, 0xCE, 0xFF, 0x7A, 0xCE, 0xFF, 0x7A, 0xCE,
    0xFF, 0x7A, 0xCE, 0xFF, 0x7A, 0xCE, 0xFF, 0x7A, 0xCE, 0xFF, 0x7A, 0xCE,
    0xFF, 0x7A, 0xCE, 0xFF, 0x7A, 0xCE, 0xFF, 0x7A, 0xCE, 0xFF, 0x7A, 0xCE,
    0xFF, 0x7A, 0xCE, 0xFF, 0x7A, 0xCE, 0xFB, 0x7A, 0xCE, 0xFF, 0xDC, 0xD6,
    0xAB, 0x7A, 0xC6, 0x00, 0x00, 0x00, 0x05, 0x79, 0xCE, 0x00, 0x00, 0x00,
    0x02, 0xE0, 0xFF, 0x03, 0x4A, 0xFD, 0x21, 0xC9, 0xFE, 0xCA, 0xC9, 0xFE,
    0xFF, 0xEA, 0xFE, 0xFF, 0x0A, 0xFF, 0x7C, 0xA9, 0xFE, 0x00, 0x00, 0x00,
    0x03, 0x40, 0xFD, 0x06, 0xB5, 0xD6, 0x02, 0xE0, 0xFF, 0xAE, 0x5B, 0xC6,
    0xFF, 0xDC, 0xD6, 0xFB, 0x7A, 0xCE, 0xFF, 0x7A, 0xCE, 0xFF, 0x7A, 0xCE,
    0xFF, 0x7A, 0xCE, 0xFF, 0x7A, 0xCE, 0xFF, 0x7A, 0xCE, 0xFF, 0x7A, 0xCE,
    0xFF, 0x7A, 0xCE, 0xFF, 0x7A, 0xCE, 0xFF, 0x7A, 0xCE, 0xFF, 0x7A, 0xCE,
    0xFF, 0x7A, 0xCE, 0xFF, 0x7A, 0xCE, 0xF9, 0x5A, 0xCE, 0xFC, 0xFC, 0xD6,
    0xB9, 0x7A, 0xC6, 0x00, 0x00, 0x00, 0x05, 0x79, 0xCE, 0x00, 0x00, 0x00,
    0x02, 0xE0, 0xFF, 0x03, 0x4A, 0xFD, 0x22, 0x89, 0xFE, 0xC9, 0xC9, 0xFE,
    0xFF, 0x4A, 0xFF, 0x81, 0x69, 0xFE, 0x00, 0x00, 0x00, 0x04, 0xE7, 0xFD,
    0x00, 0x00, 0x00, 0x05, 0x73, 0xFE, 0x00, 0x00, 0x00, 0xAC, 0x8F, 0xEE,
    0xFF, 0xDC, 0xDE, 0xF8, 0x5B, 0xC6, 0xFA, 0x7A, 0xCE, 0xFA, 0x7A, 0xC6,
    0xFA, 0x7A, 0xC6, 0xFA, 0x7A, 0xC6, 0xFA, 0x7A, 0xC6, 0xFA, 0x7A, 0xC6,
    0xFA, 0x7A, 0xC6, 0xFA, 0x7A, 0xC6, 0xFA, 0x7A, 0xC6, 0xFA, 0x7A, 0xC6,
    0xFB, 0x5A, 0xCE, 0xF9, 0x5A, 0xC6, 0xFF, 0x7B, 0xCE, 0xFF, 0xDC, 0xD6,
    0x3F, 0x5A, 0xC6, 0x00, 0x00, 0x00, 0x02, 0xEF, 0x7B, 0x00, 0x00, 0x00,
    0x00, 0x00, 0x00, 0x01, 0xE0, 0xFF, 0x00, 0x00, 0x00, 0x11, 0x09, 0xFE,
    0x71, 0xEA, 0xFE, 0x00, 0x00, 0x00, 0x05, 0x66, 0xFE, 0x01, 0x00, 0xF8,
    0x00, 0x00, 0x00, 0x05, 0x6C, 0xFE, 0x00, 0x00, 0x00, 0xAC, 0xA9, 0xFE,
    0xFF, 0xF4, 0xEE, 0xFF, 0xBA, 0xD6, 0xFF, 0xFD, 0xD6, 0xFF, 0xFC, 0xDE,
    0xFF, 0xFC, 0xDE, 0xFF, 0xFC, 0xDE, 0xFF, 0xFC, 0xDE, 0xFF, 0xFC, 0xDE,
    0xFF, 0xFC, 0xDE, 0xFF, 0xFC, 0xDE, 0xFF, 0xFC, 0xDE, 0xFF, 0xFC, 0xDE,
    0xFF, 0xFC, 0xD6, 0xFF, 0x1D, 0xDF, 0xF3, 0x7A, 0xCE, 0xA5, 0x5A, 0xC6,
    0x00, 0x00, 0x00, 0x00, 0x00, 0x00, 0x00, 0x00, 0x00, 0x00, 0x00, 0x00,
    0x00, 0x00, 0x00, 0x00, 0x00, 0x00, 0x01, 0xE0, 0xFF, 0x00, 0x00, 0x00,
    0x00, 0x00, 0x00, 0x02, 0xEF, 0xFB, 0x00, 0x00, 0x00, 0x00, 0x00, 0x00,
    0x00, 0x00, 0x00, 0x05, 0x66, 0xFE, 0x00, 0x00, 0x00, 0xA6, 0x89, 0xFE,
    0xFA, 0x68, 0xFF, 0x85, 0x8F, 0xEE, 0x53, 0x5C, 0xC6, 0x55, 0x79, 0xCE,
    0x53, 0x5A, 0xC6, 0x53, 0x5A, 0xC6, 0x53, 0x5A, 0xC6, 0x53, 0x5A, 0xC6,
    0x53, 0x5A, 0xC6, 0x53, 0x5A, 0xC6, 0x53, 0x5A, 0xC6, 0x53, 0x5A, 0xC6,
    0x51, 0x7A, 0xCE, 0x53, 0xFC, 0xDE, 0x31, 0x5A, 0xC6, 0x00, 0x00, 0x00,
    0x04, 0xF7, 0xBD, 0x00, 0x00, 0x00, 0x00, 0x00, 0x00, 0x00, 0x00, 0x00,
    0x00, 0x00, 0x00, 0x00, 0x00, 0x00, 0x00, 0x00, 0x00, 0x01, 0xE0, 0xFF,
    0x03, 0xEA, 0xFF, 0x00, 0x00, 0x00, 0x00, 0x00, 0x00, 0x00, 0x00, 0x00,
    0x00, 0x00, 0x00, 0x05, 0x66, 0xFE, 0x00, 0x00, 0x00, 0xB6, 0x89, 0xFE,
    0xFF, 0xEC, 0xFF, 0x49, 0x87, 0xFE, 0x00, 0x00, 0x00, 0x00, 0x00, 0x00,
    0x00, 0x00, 0x00, 0x00, 0x00, 0x00, 0x00, 0x00, 0x00, 0x00, 0x00, 0x00,
    0x00, 0x00, 0x00, 0x00, 0x00, 0x00, 0x00, 0x00, 0x00, 0x00, 0x00, 0x00,
    0x00, 0x00, 0x00, 0x00, 0x00, 0x00, 0x00, 0x00, 0x00, 0x05, 0x79, 0xCE,
    0x00, 0x00, 0x00, 0x00, 0x00, 0x00, 0x00, 0x00, 0x00, 0x00, 0x00, 0x00,
    0x00, 0x00, 0x00, 0x00, 0x00, 0x00, 0x00, 0x00, 0x00, 0x00, 0x00, 0x00,
    0x00, 0x00, 0x00, 0x00, 0x00, 0x00, 0x00, 0x00, 0x00, 0x00, 0x00, 0x00,
    0x00, 0x00, 0x00, 0x02, 0xE0, 0xFB, 0x00, 0x00, 0x00, 0x37, 0x89, 0xFE,
    0x53, 0x8B, 0xFF, 0x1C, 0x8B, 0xFE, 0x04, 0xFF, 0xBD, 0x05, 0x79, 0xCE,
    0x04, 0xF7, 0xBD, 0x04, 0xF7, 0xBD, 0x04, 0xF7, 0xBD, 0x04, 0xF7, 0xBD,
    0x04, 0xF7, 0xBD, 0x04, 0xF7, 0xBD, 0x04, 0xF7, 0xBD, 0x04, 0xF7, 0xBD,
    0x04, 0xF7, 0xBD, 0x04, 0xFF, 0xBF, 0x03, 0x55, 0xAD, 0x00, 0x00, 0x00,
    0x00, 0x00, 0x00, 0x00, 0x00, 0x00, 0x00, 0x00, 0x00, 0x00, 0x00, 0x00,
    0x00, 0x00, 0x00, 0x00, 0x00, 0x00, 0x00, 0x00, 0x00, 0x00, 0x00, 0x00,
    0x00, 0x00, 0x00, 0x00, 0x00, 0x00, 0x00, 0x00, 0x00, 0x00, 0x00, 0x00,
    0x00, 0x00, 0x00, 0x00, 0x00, 0x00, 0x00, 0x00, 0x00, 0x00, 0x00, 0x00,
    0x00, 0x00, 0x00, 0x00, 0x00, 0x00, 0x00, 0x00, 0x00, 0x00, 0x00, 0x00,
    0x00, 0x00, 0x00, 0x00, 0x00, 0x00, 0x00, 0x00, 0x00, 0x00, 0x00, 0x00,
    0x00, 0x00, 0x00, 0x00, 0x00, 0x00, 0x00, 0x00, 0x00, 0x00, 0x00, 0x00,
    0x00, 0x00, 0x00, 0x00, 0x00, 0x00, 0x00, 0x00, 0x00, 0x00, 0x00, 0x00,
    0x00, 0x00, 0x00, 0x00, 0x00, 0x00, 0x00, 0x00, 0x00, 0x00, 0x00, 0x00,
    0x00, 0x00, 0x00, 0x00, 0x00, 0x00, 0x00, 0x00, 0x00, 0x00, 0x00, 0x00,
    0x00, 0x00, 0x00, 0x00, 0x00, 0x00, 0x00, 0x00, 0x00, 0x00, 0x00, 0x00,
    0x00, 0x00, 0x00, 0x00, 0x00, 0x00, 0x00, 0x00, 0x00, 0x03, 0x4A, 0xFD,
    0x04, 0xE7, 0xFF, 0x01, 0xE0, 0xFF, 0x00, 0x00, 0x00, 0x00, 0x00, 0x00,
    0x00, 0x00, 0x00, 0x00, 0x00, 0x00, 0x00, 0x00, 0x00, 0x00, 0x00, 0x00,
    0x00, 0x00, 0x00, 0x00, 0x00, 0x00, 0x00, 0x00, 0x00, 0x00, 0x00, 0x00,
    0x00, 0x00, 0x00, 0x00, 0x00, 0x00, 0x00, 0x00, 0x00, 0x00, 0x00, 0x00,
    0x00, 0x00, 0x00, 0x00, 0x00, 0x00, 0x00, 0x00, 0x00, 0x00, 0x00, 0x00,
    0x00, 0x00, 0x00, 0x00, 0x00, 0x00, 0x00, 0x00, 0x00, 0x00, 0x00, 0x00,
    0x00, 0x00, 0x00, 0x00, 0x00, 0x00, 0x00, 0x00, 0x00, 0x00, 0x00, 0x00,
    0x00, 0x00, 0x00, 0x00, 0x00, 0x00, 0x00, 0x00, 0x00, 0x00, 0x00, 0x00,
    0x00, 0x00, 0x00, 0x00, 0x00, 0x00, 0x00, 0x00, 0x00, 0x00, 0x00, 0x00,
    0x00, 0x00, 0x00, 0x00, 0x00, 0x00, 0x00, 0x00, 0x00, 0x00, 0x00, 0x00,
    0x00, 0x00, 0x00, 0x00, 0x00, 0x00, 0x00, 0x00, 0x00, 0x00, 0x00, 0x00,
    0x00, 0x00, 0x00, 0x00, 0x00, 0x00, 0x00, 0x00, 0x00, 0x00, 0x00, 0x00,
    0x00, 0x00, 0x00, 0x00, 0x00, 0x00, 0x00, 0x00, 0x00, 0x00, 0x00, 0x00,
    0x00, 0x00, 0x00, 0x00, 0x00, 0x00, 0x00, 0x00, 0x00, 0x00, 0x00, 0x00,
    0x00, 0x00, 0x00, 0x00, 0x00, 0x00, 0x00, 0x00, 0x00, 0x00, 0x00, 0x00,
    0x00, 0x00, 0x00, 0x00, 0x00, 0x00, 0x00, 0x00, 0x00, 0x00, 0x00, 0x00,
    0x00, 0x00, 0x00, 0x00, 0x00, 0x00, 0x00, 0x00, 0x00, 0x00, 0x00, 0x00,
    0x00, 0x00, 0x00, 0x00, 0x00, 0x00, 0x00, 0x00, 0x00, 0x00, 0x00, 0x00,
    0x00, 0x00, 0x00, 0x00, 0x00, 0x00, 0x00, 0x00, 0x00, 0x00, 0x00, 0x00,
    0x00, 0x00, 0x00, 0x00, 0x00, 0x00, 0x00, 0x00, 0x00, 0x00, 0x00, 0x00,
    0x00, 0x00, 0x00, 0x00, 0x00, 0x00, 0x00, 0x00, 0x00, 0x00, 0x00, 0x00,
    0x00, 0x00, 0x00, 0x00, 0x00, 0x00, 0x00, 0x00, 0x00, 0x00, 0x00, 0x00,
    0x00, 0x00, 0x00, 0x00, 0x00, 0x00, 0x00, 0x00, 0x00, 0x00, 0x00, 0x00,
    0x00, 0x00, 0x00, 0x00, 0x00, 0x00, 0x00, 0x00, 0x00, 0x00, 0x00, 0x00,
    0x00, 0x00, 0x00, 0x00, 0x00, 0x00, 0x00, 0x00, 0x00, 0x00, 0x00, 0x00,
    0x00, 0x00, 0x00, 0x00, 0x00, 0x00, 0x00, 0x00, 0x00, 0x00, 0x00, 0x00,
    0x00, 0x00, 0x00, 0x00, 0x00, 0x00, 0x00, 0x00, 0x00, 0x00, 0x00, 0x00,
    0x00, 0x00, 0x00, 0x00, 0x00, 0x00, 0x00, 0x00, 0x00, 0x00, 0x00, 0x00,
    0x00, 0x00, 0x00, 0x00, 0x00, 0x00, 0x00, 0x00, 0x00, 0x00, 0x00, 0x00,
    0x00, 0x00, 0x00, 0x00, 0x00, 0x00, 0x00, 0x00, 0x00, 0x00, 0x00, 0x00,
    0x00, 0x00, 0x00, 0x00, 0x00, 0x00, 0x00, 0x00, 0x00, 0x00, 0x00, 0x00,
    0x00, 0x00, 0x00, 0x00, 0x00, 0x00, 0x00, 0x00, 0x00, 0x00, 0x00, 0x00,
    0x00, 0x00, 0x00, 0x00, 0x00, 0x00, 0x00, 0x00, 0x00, 0x00, 0x00, 0x00,
    0x00, 0x00, 0x00, 0x00, 0x00, 0x00, 0x00, 0x00, 0x00, 0x00, 0x00, 0x00,
    0x00, 0x00, 0x00, 0x00, 0x00, 0x00, 0x00, 0x00, 0x00, 0x00, 0x00, 0x00,
    0x00, 0x00, 0x00, 0x00, 0x00, 0x00, 0x00, 0x00, 0x00, 0x00, 0x00, 0x00,
    0x00, 0x00, 0x00, 0x00, 0x00, 0x00, 0x00, 0x00, 0x00, 0x00, 0x00, 0x00,
};
static const lv_image_dsc_t weather_icon_sun_cloud = {
    .header = {.magic = LV_IMAGE_HEADER_MAGIC, .cf = LV_COLOR_FORMAT_ARGB8565, .w = 32, .h = 32, .stride = 96},
    .data_size = 3072,
    .data = weather_icon_sun_cloud_data,
};

/* cloud */
static const uint8_t weather_icon_cloud_data[] = {
    0x00, 0x00, 0x00, 0x00, 0x00, 0x00, 0x00, 0x00, 0x00, 0x00, 0x00, 0x00,
    0x00, 0x00, 0x00, 0x00, 0x00, 0x00, 0x00, 0x00, 0x00, 0x00, 0x00, 0x00,
    0x00, 0x00, 0x00, 0x00, 0x00, 0x00, 0x00, 0x00, 0x00, 0x00, 0x00, 0x00,
    0x00, 0x00, 0x00, 0x00, 0x00, 0x00, 0x00, 0x00, 0x00, 0x00, 0x00, 0x00,
    0x00, 0x00, 0x00, 0x00, 0x00, 0x00, 0x00, 0x00, 0x00, 0x00, 0x00, 0x00,
    0x00, 0x00, 0x00, 0x00, 0x00, 0x00, 0x00, 0x00, 0x00, 0x00, 0x00, 0x00,
    0x00, 0x00, 0x00, 0x00, 0x00, 0x00, 0x00, 0x00, 0x00, 0x00, 0x00, 0x00,
    0x00, 0x00, 0x00, 0x00, 0x00, 0x00, 0x00, 0x00, 0x00, 0x00, 0x00, 0x00,
    0x00, 0x00, 0x00, 0x00, 0x00, 0x00, 0x00, 0x00, 0x00, 0x00, 0x00, 0x00,
    0x00, 0x00, 0x00, 0x00, 0x00, 0x00, 0x00, 0x00, 0x00, 0x00, 0x00, 0x00,
    0x00, 0x00, 0x00, 0x00, 0x00, 0x00, 0x00, 0x00, 0x00, 0x00, 0x00, 0x00,
    0x00, 0x00, 0x00, 0x00, 0x00, 0x00, 0x00, 0x00, 0x00, 0x00, 0x00, 0x00,
    0x01, 0x00, 0x00, 0x01, 0x00, 0x00, 0x01, 0x00, 0x00, 0x00, 0x00, 0x00,
    0x00, 0x00, 0x00, 0x00, 0x00, 0x00, 0x00, 0x00, 0x00, 0x00, 0x00, 0x00,
    0x00, 0x00, 0x00, 0x00, 0x00, 0x00, 0x00, 0x00, 0x00, 0x00, 0x00, 0x00,
    0x00, 0x00, 0x00, 0x00, 0x00, 0x00, 0x00, 0x00, 0x00, 0x00, 0x00, 0x00,
    0x00, 0x00, 0x00, 0x00, 0x00, 0x00, 0x00, 0x00, 0x00, 0x00, 0x00, 0x00,
    0x00, 0x00, 0x00, 0x00, 0x00, 0x00, 0x00, 0x00, 0x00, 0x00, 0x00, 0x00,
    0x00, 0x00, 0x00, 0x00, 0x00, 0x00, 0x00, 0x00, 0x00, 0x00, 0x00, 0x00,
    0x00, 0x00, 0x00, 0x00, 0x00, 0x00, 0x00, 0x00, 0x00, 0x03, 0x55, 0xAD,
    0x00, 0x00, 0x00, 0x00, 0x00, 0x00, 0x00, 0x00, 0x00, 0x02, 0xEF, 0x7B,
    0x00, 0x00, 0x00, 0x00, 0x00, 0x00, 0x00, 0x00, 0x00, 0x00, 0x00, 0x00,
    0x00, 0x00, 0x00, 0x00, 0x00, 0x00, 0x00, 0x00, 0x00, 0x00, 0x00, 0x00,
    0x00, 0x00, 0x00, 0x00, 0x00, 0x00, 0x00, 0x00, 0x00, 0x00, 0x00, 0x00,
    0x00, 0x00, 0x00, 0x00, 0x00, 0x00, 0x00, 0x00, 0x00, 0x00, 0x00, 0x00,
    0x00, 0x00, 0x00, 0x00, 0x00, 0x00, 0x00, 0x00, 0x00, 0x00, 0x00, 0x00,
    0x00, 0x00, 0x00, 0x00, 0x00, 0x00, 0x00, 0x00, 0x00, 0x00, 0x00, 0x00,
    0x00, 0x00, 0x00, 0x00, 0x00, 0x00, 0x02, 0xFF, 0x7F, 0x00, 0x00, 0x00,
    0x09, 0x55, 0xAD, 0x0B, 0x9A, 0xBE, 0x0A, 0xFF, 0xFF, 0x00, 0x00, 0x00,
    0x03, 0x55, 0xAD, 0x01, 0x00, 0x00, 0x00, 0x00, 0x00, 0x00, 0x00, 0x00,
    0x00, 0x00, 0x00, 0x00, 0x00, 0x00, 0x00, 0x00, 0x00, 0x00, 0x00, 0x00,
    0x00, 0x00, 0x00, 0x00, 0x00, 0x00, 0x00, 0x00, 0x00, 0x00, 0x00, 0x00,
    0x00, 0x00, 0x00, 0x00, 0x00, 0x00, 0x00, 0x00, 0x00, 0x00, 0x00, 0x00,
    0x00, 0x00, 0x00, 0x00, 0x00, 0x00, 0x00, 0x00, 0x00, 0x00, 0x00, 0x00,
    0x00, 0x00, 0x00, 0x00, 0x00, 0x00, 0x00, 0x00, 0x00, 0x00, 0x00, 0x00,
    0x04, 0xF7, 0xBD, 0x07, 0xB6, 0xB5, 0x00, 0x00, 0x00, 0x37, 0x3A, 0xC6,
    0xEF, 0x9B, 0xCE, 0xF1, 0x7A, 0xCE, 0xF5, 0xBC, 0xD6, 0x83, 0x5A, 0xC6,
    0x00, 0x00, 0x00, 0x04, 0xF7, 0xBD, 0x00, 0x00, 0x00, 0x00, 0x00, 0x00,
    0x00, 0x00, 0x00, 0x00, 0x00, 0x00, 0x00, 0x00, 0x00, 0x00, 0x00, 0x00,
    0x00, 0x00, 0x00, 0x00, 0x00, 0x00, 0x00, 0x00, 0x00, 0x00, 0x00, 0x00,
    0x00, 0x00, 0x00, 0x00, 0x00, 0x00, 0x00, 0x00, 0x00, 0x00, 0x00, 0x00,
    0x00, 0x00, 0x00, 0x00, 0x00, 0x00, 0x00, 0x00, 0x00, 0x00, 0x00, 0x00,
    0x00, 0x00, 0x00, 0x00, 0x00, 0x00, 0x00, 0x00, 0x00, 0x03, 0x55, 0xAD,
    0x00, 0x00, 0x00, 0x00, 0x00, 0x00, 0x3E, 0x5A, 0xCE, 0xF2, 0xBB, 0xD6,
    0xFF, 0x9B, 0xCE, 0xFF, 0x7A, 0xCE, 0xFF, 0x7A, 0xCE, 0xFF, 0xFC, 0xDE,
    0x7C, 0x7A, 0xCE, 0x00, 0x00, 0x00, 0x03, 0x55, 0xAD, 0x00, 0x00, 0x00,
    0x00, 0x00, 0x00, 0x00, 0x00, 0x00, 0x00, 0x00, 0x00, 0x00, 0x00, 0x00,
    0x00, 0x00, 0x00, 0x00, 0x00, 0x00, 0x00, 0x00, 0x00, 0x00, 0x00, 0x00,
    0x00, 0x00, 0x00, 0x00, 0x00, 0x00, 0x00, 0x00, 0x00, 0x00, 0x00, 0x00,
    0x00, 0x00, 0x00, 0x00, 0x00, 0x00, 0x00, 0x00, 0x00, 0x00, 0x00, 0x00,
    0x00, 0x00, 0x00, 0x00, 0x00, 0x00, 0x02, 0xEF, 0x7B, 0x00, 0x00, 0x00,
    0x4F, 0x59, 0xC6, 0x59, 0x7B, 0xCE, 0xF7, 0x7A, 0xCE, 0xFF, 0x9B, 0xCE,
    0xFD, 0x5A, 0xC6, 0xFF, 0x7A, 0xCE, 0xFE, 0x5A, 0xC6, 0xF9, 0x7A, 0xCE,
    0xFF, 0xFC, 0xDE, 0x84, 0x5A, 0xC6, 0x02, 0xFF, 0x7B, 0x03, 0x55, 0xAD,
    0x00, 0x00, 0x00, 0x00, 0x00, 0x00, 0x00, 0x00, 0x00, 0x00, 0x00, 0x00,
    0x00, 0x00, 0x00, 0x00, 0x00, 0x00, 0x00, 0x00, 0x00, 0x00, 0x00, 0x00,
    0x00, 0x00, 0x00, 0x00, 0x00, 0x00, 0x00, 0x00, 0x00, 0x00, 0x00, 0x00,
    0x00, 0x00, 0x00, 0x00, 0x00, 0x00, 0x00, 0x00, 0x00, 0x00, 0x00, 0x00,
    0x00, 0x00, 0x00, 0x06, 0x55, 0xAD, 0x00, 0x00, 0x00, 0x7C, 0x7A, 0xCE,
    0xFF, 0x1D, 0xDF, 0xFF, 0xDC, 0xD6, 0xFF, 0x7A, 0xCE, 0xFE, 0x5A, 0xC6,
    0xFF, 0x7A, 0xCE, 0xFF, 0x7A, 0xCE, 0xFF, 0x7A, 0xCE, 0xFE, 0x7A, 0xCE,
    0xFD, 0x7A, 0xCE, 0xFF, 0x9B, 0xCE, 0x11, 0x9C, 0xD6, 0x00, 0x00, 0x00,
    0x01, 0x00, 0x00, 0x00, 0x00, 0x00, 0x00, 0x00, 0x00, 0x00, 0x00, 0x00,
    0x00, 0x00, 0x00, 0x00, 0x00, 0x00, 0x00, 0x00, 0x00, 0x00, 0x00, 0x00,
    0x00, 0x00, 0x00, 0x00, 0x00, 0x00, 0x00, 0x00, 0x00, 0x00, 0x00, 0x00,
    0x00, 0x00, 0x00, 0x00, 0x00, 0x00, 0x00, 0x00, 0x00, 0x00, 0x00, 0x00,
    0x03, 0x55, 0xAD, 0x00, 0x00, 0x00, 0x83, 0x5A, 0xC6, 0xFF, 0xFC, 0xDE,
    0xF8, 0x7A, 0xCE, 0xFA, 0x7A, 0xC6, 0xFF, 0x7A, 0xCE, 0xFF, 0x7A, 0xCE,
    0xFF, 0x7A, 0xCE, 0xFF, 0x7A, 0xCE, 0xFF, 0x7A, 0xCE, 0xFF, 0x7A, 0xCE,
    0xFB, 0x7A, 0xCE, 0xFB, 0xDC, 0xD6, 0xA5, 0x7A, 0xCE, 0x00, 0x00, 0x00,
    0x05, 0x79, 0xCE, 0x00, 0x00, 0x00, 0x00, 0x00, 0x00, 0x00, 0x00, 0x00,
    0x00, 0x00, 0x00, 0x00, 0x00, 0x00, 0x00, 0x00, 0x00, 0x00, 0x00, 0x00,
    0x00, 0x00, 0x00, 0x00, 0x00, 0x00, 0x00, 0x00, 0x00, 0x00, 0x00, 0x00,
    0x00, 0x00, 0x00, 0x00, 0x00, 0x00, 0x00, 0x00, 0x00, 0x04, 0xF7, 0xBD,
    0x00, 0x00, 0x00, 0x78, 0x7A, 0xC6, 0xFF, 0xFC, 0xDE, 0xFB, 0x5A, 0xC6,
    0xFF, 0x7A, 0xCE, 0xFF, 0x7A, 0xCE, 0xFF, 0x7A, 0xCE, 0xFF, 0x7A, 0xCE,
    0xFF, 0x7A, 0xCE, 0xFF, 0x7A, 0xCE, 0xFF, 0x7A, 0xCE, 0xFF, 0x7A, 0xCE,
    0xFB, 0x7A, 0xCE, 0xFF, 0xDC, 0xD6, 0xAE, 0x7A, 0xCE, 0x00, 0x00, 0x00,
    0x05, 0x79, 0xCE, 0x00, 0x00, 0x00, 0x00, 0x00, 0x00, 0x00, 0x00, 0x00,
    0x00, 0x00, 0x00, 0x00, 0x00, 0x00, 0x00, 0x00, 0x00, 0x00, 0x00, 0x00,
    0x00, 0x00, 0x00, 0x00, 0x00, 0x00, 0x00, 0x00, 0x00, 0x00, 0x00, 0x00,
    0x00, 0x00, 0x00, 0x00, 0x00, 0x00, 0x00, 0x00, 0x00, 0x05, 0x79, 0xCE,
    0x01, 0xFF, 0xFF, 0xB9, 0x7A, 0xC6, 0xFC, 0xFC, 0xD6, 0xFB, 0x7A, 0xCE,
    0xFF, 0x7A, 0xCE, 0xFF, 0x7A, 0xCE, 0xFF, 0x7A, 0xCE, 0xFF, 0x7A, 0xCE,
    0xFF, 0x7A, 0xCE, 0xFF, 0x7A, 0xCE, 0xFF, 0x7A, 0xCE, 0xFF, 0x7A, 0xCE,
    0xFB, 0x7A, 0xCE, 0xFF, 0xDC, 0xD6, 0xAD, 0x7A, 0xCE, 0x04, 0xF7, 0xBD,
    0x05, 0x79, 0xCE, 0x00, 0x00, 0x00, 0x00, 0x00, 0x00, 0x00, 0x00, 0x00,
    0x00, 0x00, 0x00, 0x00, 0x00, 0x00, 0x00, 0x00, 0x00, 0x00, 0x00, 0x00,
    0x00, 0x00, 0x00, 0x00, 0x00, 0x00, 0x00, 0x00, 0x00, 0x00, 0x00, 0x00,
    0x00, 0x00, 0x00, 0x00, 0x00, 0x00, 0x00, 0x00, 0x00, 0x06, 0xBA, 0xD6,
    0x00, 0x00, 0x00, 0xA3, 0x5A, 0xC6, 0xFF, 0xFC, 0xD6, 0xFB, 0x7A, 0xCE,
    0xFF, 0x7A, 0xCE, 0xFF, 0x7A, 0xCE, 0xFF, 0x7A, 0xCE, 0xFF, 0x7A, 0xCE,
    0xFF, 0x7A, 0xCE, 0xFF, 0x7A, 0xCE, 0xFF, 0x7A, 0xCE, 0xFF, 0x7A, 0xCE,
    0xFB, 0x7A, 0xCE, 0xFF, 0xFC, 0xD6, 0xA6, 0x7A, 0xC6, 0x00, 0x00, 0x00,
    0x08, 0xF7, 0xBD, 0x00, 0x00, 0x00, 0x00, 0x00, 0x00, 0x00, 0x00, 0x00,
    0x00, 0x00, 0x00, 0x00, 0x00, 0x00, 0x00, 0x00, 0x00, 0x00, 0x00, 0x00,
    0x00, 0x00, 0x00, 0x00, 0x00, 0x00, 0x00, 0x00, 0x00, 0x00, 0x00, 0x00,
    0x00, 0x00, 0x00, 0x00, 0x00, 0x00, 0x03, 0x55, 0xAD, 0x02, 0xFF, 0xFF,
    0x0D, 0x3A, 0xC6, 0xC7, 0xBB, 0xD6, 0xFD, 0xBB, 0xD6, 0xFC, 0x7A, 0xCE,
    0xFF, 0x7A, 0xCE, 0xFF, 0x7A, 0xCE, 0xFF, 0x7A, 0xCE, 0xFF, 0x7A, 0xCE,
    0xFF, 0x7A, 0xCE, 0xFF, 0x7A, 0xCE, 0xFF, 0x7A, 0xCE, 0xFF, 0x7A, 0xCE,
    0xFC, 0x7A, 0xCE, 0xFF, 0xBB, 0xD6, 0xC7, 0x7A, 0xCE, 0x4F, 0x59, 0xC6,
    0x00, 0x00, 0x00, 0x02, 0xEF, 0x7B, 0x00, 0x00, 0x00, 0x00, 0x00, 0x00,
    0x00, 0x00, 0x00, 0x00, 0x00, 0x00, 0x00, 0x00, 0x00, 0x00, 0x00, 0x00,
    0x00, 0x00, 0x00, 0x00, 0x00, 0x00, 0x00, 0x00, 0x00, 0x00, 0x00, 0x00,
    0x00, 0x00, 0x00, 0x01, 0x00, 0x00, 0x00, 0x00, 0x00, 0x07, 0x96, 0x94,
    0xC8, 0x7A, 0xCE, 0xFF, 0xDC, 0xD6, 0xFC, 0x5A, 0xC6, 0xFF, 0x7A, 0xCE,
    0xFF, 0x7A, 0xCE, 0xFF, 0x7A, 0xCE, 0xFF, 0x7A, 0xCE, 0xFF, 0x7A, 0xCE,
    0xFF, 0x7A, 0xCE, 0xFF, 0x7A, 0xCE, 0xFF, 0x7A, 0xCE, 0xFF, 0x7A, 0xCE,
    0xFF, 0x7A, 0xCE, 0xFF, 0x5A, 0xC6, 0xFF, 0x9B, 0xCE, 0xFF, 0x1D, 0xDF,
    0x7B, 0x9A, 0xCE, 0x00, 0x00, 0x00, 0x03, 0x55, 0xAD, 0x00, 0x00, 0x00,
    0x00, 0x00, 0x00, 0x00, 0x00, 0x00, 0x00, 0x00, 0x00, 0x00, 0x00, 0x00,
    0x00, 0x00, 0x00, 0x00, 0x00, 0x00, 0x00, 0x00, 0x00, 0x00, 0x00, 0x00,
    0x01, 0xFF, 0xFF, 0x03, 0xFF, 0xFF, 0x1B, 0x39, 0xC6, 0xC1, 0x9B, 0xCE,
    0xFF, 0xFC, 0xD6, 0xFB, 0x5A, 0xC6, 0xFF, 0x7A, 0xCE, 0xFF, 0x7A, 0xCE,
    0xFF, 0x7A, 0xCE, 0xFF, 0x7A, 0xCE, 0xFF, 0x7A, 0xCE, 0xFF, 0x7A, 0xCE,
    0xFF, 0x7A, 0xCE, 0xFF, 0x7A, 0xCE, 0xFF, 0x7A, 0xCE, 0xFF, 0x7A, 0xCE,
    0xFF, 0x7A, 0xCE, 0xFF, 0x7A, 0xCE, 0xFD, 0x5A, 0xC6, 0xF8, 0x7A, 0xCE,
    0xFF, 0xFC, 0xDE, 0x84, 0x5A, 0xCE, 0x04, 0xF7, 0xBD, 0x03, 0x55, 0xAD,
    0x00, 0x00, 0x00, 0x00, 0x00, 0x00, 0x00, 0x00, 0x00, 0x00, 0x00, 0x00,
    0x00, 0x00, 0x00, 0x00, 0x00, 0x00, 0x00, 0x00, 0x00, 0x00, 0x00, 0x00,
    0x04, 0xF7, 0xBD, 0x00, 0x00, 0x00, 0x5A, 0x5A, 0xC6, 0xFF, 0x3D, 0xE7,
    0xF7, 0x5A, 0xC6, 0xFF, 0x7A, 0xCE, 0xFF, 0x7A, 0xCE, 0xFF, 0x7A, 0xCE,
    0xFF, 0x7A, 0xCE, 0xFF, 0x7A, 0xCE, 0xFF, 0x7A, 0xCE, 0xFF, 0x7A, 0xCE,
    0xFF, 0x7A, 0xCE, 0xFF, 0x7A, 0xCE, 0xFF, 0x7A, 0xCE, 0xFF, 0x7A, 0xCE,
    0xFF, 0x7A, 0xCE, 0xFF, 0x7A, 0xCE, 0xFF, 0x7A, 0xCE, 0xFE, 0x7A, 0xCE,
    0xFD, 0x7A, 0xCE, 0xFF, 0x9A, 0xCE, 0x0B, 0x9C, 0xD6, 0x00, 0x00, 0x00,
    0x01, 0x00, 0x00, 0x00, 0x00, 0x00, 0x00, 0x00, 0x00, 0x00, 0x00, 0x00,
    0x00, 0x00, 0x00, 0x00, 0x00, 0x00, 0x00, 0x00, 0x00, 0x00, 0x00, 0x00,
    0x04, 0xF7, 0xBD, 0x00, 0x00, 0x00, 0x51, 0x7A, 0xCE, 0xFD, 0xFC, 0xD6,
    0xFA, 0x7A, 0xC6, 0xFF, 0x7A, 0xCE, 0xFF, 0x7A, 0xCE, 0xFF, 0x7A, 0xCE,
    0xFF, 0x7A, 0xCE, 0xFF, 0x7A, 0xCE, 0xFF, 0x7A, 0xCE, 0xFF, 0x7A, 0xCE,
    0xFF, 0x7A, 0xCE, 0xFF, 0x7A, 0xCE, 0xFF, 0x7A, 0xCE, 0xFF, 0x7A, 0xCE,
    0xFF, 0x7A, 0xCE, 0xFF, 0x7A, 0xCE, 0xFF, 0x7A, 0xCE, 0xFE, 0x7A, 0xCE,
    0xFF, 0x7A, 0xCE, 0xF2, 0x5A, 0xC6, 0x0A, 0x7C, 0xCE, 0x00, 0x00, 0x00,
    0x01, 0x00, 0x00, 0x00, 0x00, 0x00, 0x00, 0x00, 0x00, 0x00, 0x00, 0x00,
    0x00, 0x00, 0x00, 0x00, 0x00, 0x00, 0x00, 0x00, 0x00, 0x00, 0x00, 0x00,
    0x04, 0xF7, 0xBD, 0x00, 0x00, 0x00, 0x51, 0x7A, 0xCE, 0xFD, 0xFC, 0xD6,
    0xFA, 0x7A, 0xC6, 0xFF, 0x7A, 0xCE, 0xFF, 0x7A, 0xCE, 0xFF, 0x7A, 0xCE,
    0xFF, 0x7A, 0xCE, 0xFF, 0x7A, 0xCE, 0xFF, 0x7A, 0xCE, 0xFF, 0x7A, 0xCE,
    0xFF, 0x7A, 0xCE, 0xFF, 0x7A, 0xCE, 0xFF, 0x7A, 0xCE, 0xFF, 0x7A, 0xCE,
    0xFF, 0x7A, 0xCE, 0xFF, 0x7A, 0xCE, 0xFF, 0x7A, 0xCE, 0xFE, 0x7A, 0xCE,
    0xFF, 0x7A, 0xCE, 0xF2, 0x5A, 0xC6, 0x0A, 0x7C, 0xCE, 0x00, 0x00, 0x00,
    0x01, 0x00, 0x00, 0x00, 0x00, 0x00, 0x00, 0x00, 0x00, 0x00, 0x00, 0x00,
    0x00, 0x00, 0x00, 0x00, 0x00, 0x00, 0x00, 0x00, 0x00, 0x00, 0x00, 0x00,
    0x04, 0xF7, 0xBD, 0x00, 0x00, 0x00, 0x5A, 0x5A, 0xC6, 0xFF, 0x3D, 0xE7,
    0xF7, 0x5A, 0xC6, 0xFF, 0x7A, 0xCE, 0xFF, 0x7A, 0xCE, 0xFF, 0x7A, 0xCE,
    0xFF, 0x7A, 0xCE, 0xFF, 0x7A, 0xCE, 0xFF, 0x7A, 0xCE, 0xFF, 0x7A, 0xCE,
    0xFF, 0x7A, 0xCE, 0xFF, 0x7A, 0xCE, 0xFF, 0x7A, 0xCE, 0xFF, 0x7A, 0xCE,
    0xFF, 0x7A, 0xCE, 0xFF, 0x7A, 0xCE, 0xFF, 0x7A, 0xCE, 0xFE, 0x7A, 0xCE,
    0xFD, 0x7A, 0xCE, 0xFF, 0x9A, 0xCE, 0x0B, 0x9C, 0xD6, 0x00, 0x00, 0x00,
    0x01, 0x00, 0x00, 0x00, 0x00, 0x00, 0x00, 0x00, 0x00, 0x00, 0x00, 0x00,
    0x00, 0x00, 0x00, 0x00, 0x00, 0x00, 0x00, 0x00, 0x00, 0x00, 0x00, 0x00,
    0x01, 0xFF, 0xFF, 0x03, 0xFF, 0xFF, 0x1B, 0x39, 0xC6, 0xC1, 0x9B, 0xCE,
    0xFF, 0xFC, 0xD6, 0xF8, 0x5A, 0xC6, 0xFB, 0x7A, 0xCE, 0xFA, 0x7A, 0xC6,
    0xFA, 0x7A, 0xC6, 0xFA, 0x7A, 0xC6, 0xFA, 0x7A, 0xC6, 0xFA, 0x7A, 0xC6,
    0xFA, 0x7A, 0xC6, 0xFA, 0x7A, 0xC6, 0xFA, 0x7A, 0xC6, 0xFA, 0x7A, 0xC6,
    0xFA, 0x7A, 0xC6, 0xFA, 0x7A, 0xC6, 0xFA, 0x7A, 0xC6, 0xF8, 0x7A, 0xCE,
    0xFF, 0xFC, 0xDE, 0x84, 0x5A, 0xCE, 0x04, 0xF7, 0xBD, 0x03, 0x55, 0xAD,
    0x00, 0x00, 0x00, 0x00, 0x00, 0x00, 0x00, 0x00, 0x00, 0x00, 0x00, 0x00,
    0x00, 0x00, 0x00, 0x00, 0x00, 0x00, 0x00, 0x00, 0x00, 0x00, 0x00, 0x00,
    0x00, 0x00, 0x00, 0x01, 0x00, 0x00, 0x00, 0x00, 0x00, 0x07, 0xB6, 0xB5,
    0xC8, 0x7A, 0xCE, 0xFF, 0x3D, 0xE7, 0xFF, 0xDC, 0xD6, 0xFF, 0xFC, 0xDE,
    0xFF, 0xFC, 0xDE, 0xFF, 0xFC, 0xDE, 0xFF, 0xFC, 0xDE, 0xFF, 0xFC, 0xDE,
    0xFF, 0xFC, 0xDE, 0xFF, 0xFC, 0xDE, 0xFF, 0xFC, 0xDE, 0xFF, 0xFC, 0xDE,
    0xFF, 0xFC, 0xDE, 0xFF, 0xFC, 0xDE, 0xFF, 0xFC, 0xD6, 0xFF, 0x1D, 0xDF,
    0x7C, 0x7A, 0xCE, 0x00, 0x00, 0x00, 0x03, 0x55, 0xAD, 0x00, 0x00, 0x00,
    0x00, 0x00, 0x00, 0x00, 0x00, 0x00, 0x00, 0x00, 0x00, 0x00, 0x00, 0x00,
    0x00, 0x00, 0x00, 0x00, 0x00, 0x00, 0x00, 0x00, 0x00, 0x00, 0x00, 0x00,
    0x00, 0x00, 0x00, 0x00, 0x00, 0x00, 0x03, 0x55, 0xAD, 0x00, 0x00, 0x00,
    0x0D, 0x3A, 0xC6, 0x53, 0x1D, 0xDF, 0x51, 0x7A, 0xC6, 0x53, 0x5A, 0xC6,
    0x53, 0x5A, 0xC6, 0x53, 0x5A, 0xC6, 0x53, 0x5A, 0xC6, 0x53, 0x5A, 0xC6,
    0x53, 0x5A, 0xC6, 0x53, 0x5A, 0xC6, 0x53, 0x5A, 0xC6, 0x53, 0x5A, 0xC6,
    0x53, 0x5A, 0xC6, 0x52, 0x7A, 0xCE, 0x53, 0x7A, 0xCE, 0x4F, 0x59, 0xC6,
    0x00, 0x00, 0x00, 0x02, 0xEF, 0x7B, 0x00, 0x00, 0x00, 0x00, 0x00, 0x00,
    0x00, 0x00, 0x00, 0x00, 0x00, 0x00, 0x00, 0x00, 0x00, 0x00, 0x00, 0x00,
    0x00, 0x00, 0x00, 0x00, 0x00, 0x00, 0x00, 0x00, 0x00, 0x00, 0x00, 0x00,
    0x00, 0x00, 0x00, 0x00, 0x00, 0x00, 0x00, 0x00, 0x00, 0x01, 0x00, 0x00,
    0x00, 0x00, 0x00, 0x00, 0x00, 0x00, 0x00, 0x00, 0x00, 0x00, 0x00, 0x00,
    0x00, 0x00, 0x00, 0x00, 0x00, 0x00, 0x00, 0x00, 0x00, 0x00, 0x00, 0x00,
    0x00, 0x00, 0x00, 0x00, 0x00, 0x00, 0x00, 0x00, 0x00, 0x00, 0x00, 0x00,
    0x00, 0x00, 0x00, 0x00, 0x00, 0x00, 0x00, 0x00, 0x00, 0x00, 0x00, 0x00,
    0x03, 0x55, 0xAD, 0x00, 0x00, 0x00, 0x00, 0x00, 0x00, 0x00, 0x00, 0x00,
    0x00, 0x00, 0x00, 0x00, 0x00, 0x00, 0x00, 0x00, 0x00, 0x00, 0x00, 0x00,
    0x00, 0x00, 0x00, 0x00, 0x00, 0x00, 0x00, 0x00, 0x00, 0x00, 0x00, 0x00,
    0x00, 0x00, 0x00, 0x00, 0x00, 0x00, 0x00, 0x00, 0x00, 0x00, 0x00, 0x00,
    0x01, 0xFF, 0xFF, 0x04, 0xFF, 0xFF, 0x04, 0xF7, 0xBD, 0x04, 0xF7, 0xBD,
    0x04, 0xF7, 0xBD, 0x04, 0xF7, 0xBD, 0x04, 0xF7, 0xBD, 0x04, 0xF7, 0xBD,
    0x04, 0xF7, 0xBD, 0x04, 0xF7, 0xBD, 0x04, 0xF7, 0xBD, 0x04, 0xF7, 0xBD,
    0x04, 0xF7, 0xBD, 0x04, 0xF7, 0xBD, 0x04, 0xF7, 0xBD, 0x04, 0xF7, 0xBD,
    0x00, 0x00, 0x00, 0x00, 0x00, 0x00, 0x00, 0x00, 0x00, 0x00, 0x00, 0x00,
    0x00, 0x00, 0x00, 0x00, 0x00, 0x00, 0x00, 0x00, 0x00, 0x00, 0x00, 0x00,
    0x00, 0x00, 0x00, 0x00, 0x00, 0x00, 0x00, 0x00, 0x00, 0x00, 0x00, 0x00,
    0x00, 0x00, 0x00, 0x00, 0x00, 0x00, 0x00, 0x00, 0x00, 0x00, 0x00, 0x00,
    0x00, 0x00, 0x00, 0x00, 0x00, 0x00, 0x00, 0x00, 0x00, 0x00, 0x00, 0x00,
    0x00, 0x00, 0x00, 0x00, 0x00, 0x00, 0x00, 0x00, 0x00, 0x00, 0x00, 0x00,
    0x00, 0x00, 0x00, 0x00, 0x00, 0x00, 0x00, 0x00, 0x00, 0x00, 0x00, 0x00,
    0x00, 0x00, 0x00, 0x00, 0x00, 0x00, 0x00, 0x00, 0x00, 0x00, 0x00, 0x00,
    0x00, 0x00, 0x00, 0x00, 0x00, 0x00, 0x00, 0x00, 0x00, 0x00, 0x00, 0x00,
    0x00, 0x00, 0x00, 0x00, 0x00, 0x00, 0x00, 0x00, 0x00, 0x00, 0x00, 0x00,
    0x00, 0x00, 0x00, 0x00, 0x00, 0x00, 0x00, 0x00, 0x00, 0x00, 0x00, 0x00,
    0x00, 0x00, 0x00, 0x00, 0x00, 0x00, 0x00, 0x00, 0x00, 0x00, 0x00, 0x00,
    0x00, 0x00, 0x00, 0x00, 0x00, 0x00, 0x00, 0x00, 0x00, 0x00, 0x00, 0x00,
    0x00, 0x00, 0x00, 0x00, 0x00, 0x00, 0x00, 0x00, 0x00, 0x00, 0x00, 0x00,
    0x00, 0x00, 0x00, 0x00, 0x00, 0x00, 0x00, 0x00, 0x00, 0x00, 0x00, 0x00,
    0x00, 0x00, 0x00, 0x00, 0x00, 0x00, 0x00, 0x00, 0x00, 0x00, 0x00, 0x00,
    0x00, 0x00, 0x00, 0x00, 0x00, 0x00, 0x00, 0x00, 0x00, 0x00, 0x00, 0x00,
    0x00, 0x00, 0x00, 0x00, 0x00, 0x00, 0x00, 0x00, 0x00, 0x00, 0x00, 0x00,
    0x00, 0x00, 0x00, 0x00, 0x00, 0x00, 0x00, 0x00, 0x00, 0x00, 0x00, 0x00,
    0x00, 0x00, 0x00, 0x00, 0x00, 0x00, 0x00, 0x00, 0x00, 0x00, 0x00, 0x00,
    0x00, 0x00, 0x00, 0x00, 0x00, 0x00, 0x00, 0x00, 0x00, 0x00, 0x00, 0x00,
    0x00, 0x00, 0x00, 0x00, 0x00, 0x00, 0x00, 0x00, 0x00, 0x00, 0x00, 0x00,
    0x00, 0x00, 0x00, 0x00, 0x00, 0x00, 0x00, 0x00, 0x00, 0x00, 0x00, 0x00,
    0x00, 0x00, 0x00, 0x00, 0x00, 0x00, 0x00, 0x00, 0x00, 0x00, 0x00, 0x00,
    0x00, 0x00, 0x00, 0x00, 0x00, 0x00, 0x00, 0x00, 0x00, 0x00, 0x00, 0x00,
    0x00, 0x00, 0x00, 0x00, 0x00, 0x00, 0x00, 0x00, 0x00, 0x00, 0x00, 0x00,
    0x00, 0x00, 0x00, 0x00, 0x00, 0x00, 0x00, 0x00, 0x00, 0x00, 0x00, 0x00,
    0x00, 0x00, 0x00, 0x00, 0x00, 0x00, 0x00, 0x00, 0x00, 0x00, 0x00, 0x00,
    0x00, 0x00, 0x00, 0x00, 0x00, 0x00, 0x00, 0x00, 0x00, 0x00, 0x00, 0x00,
    0x00, 0x00, 0x00, 0x00, 0x00, 0x00, 0x00, 0x00, 0x00, 0x00, 0x00, 0x00,
    0x00, 0x00, 0x00, 0x00, 0x00, 0x00, 0x00, 0x00, 0x00, 0x00, 0x00, 0x00,
    0x00, 0x00, 0x00, 0x00, 0x00, 0x00, 0x00, 0x00, 0x00, 0x00, 0x00, 0x00,
    0x00, 0x00, 0x00, 0x00, 0x00, 0x00, 0x00, 0x00, 0x00, 0x00, 0x00, 0x00,
    0x00, 0x00, 0x00, 0x00, 0x00, 0x00, 0x00, 0x00, 0x00, 0x00, 0x00, 0x00,
    0x00, 0x00, 0x00, 0x00, 0x00, 0x00, 0x00, 0x00, 0x00, 0x00, 0x00, 0x00,
    0x00, 0x00, 0x00, 0x00, 0x00, 0x00, 0x00, 0x00, 0x00, 0x00, 0x00, 0x00,
    0x00, 0x00, 0x00, 0x00, 0x00, 0x00, 0x00, 0x00, 0x00, 0x00, 0x00, 0x00,
    0x00, 0x00, 0x00, 0x00, 0x00, 0x00, 0x00, 0x00, 0x00, 0x00, 0x00, 0x00,
    0x00, 0x00, 0x00, 0x00, 0x00, 0x00, 0x00, 0x00, 0x00, 0x00, 0x00, 0x00,
    0x00, 0x00, 0x00, 0x00, 0x00, 0x00, 0x00, 0x00, 0x00, 0x00, 0x00, 0x00,
    0x00, 0x00, 0x00, 0x00, 0x00, 0x00, 0x00, 0x00, 0x00, 0x00, 0x00, 0x00,
    0x00, 0x00, 0x00, 0x00, 0x00, 0x00, 0x00, 0x00, 0x00, 0x00, 0x00, 0x00,
    0x00, 0x00, 0x00, 0x00, 0x00, 0x00, 0x00, 0x00, 0x00, 0x00, 0x00, 0x00,
    0x00, 0x00, 0x00, 0x00, 0x00, 0x00, 0x00, 0x00, 0x00, 0x00, 0x00, 0x00,
    0x00, 0x00, 0x00, 0x00, 0x00, 0x00, 0x00, 0x00, 0x00, 0x00, 0x00, 0x00,
    0x00, 0x00, 0x00, 0x00, 0x00, 0x00, 0x00, 0x00, 0x00, 0x00, 0x00, 0x00,
    0x00, 0x00, 0x00, 0x00, 0x00, 0x00, 0x00, 0x00, 0x00, 0x00, 0x00, 0x00,
    0x00, 0x00, 0x00, 0x00, 0x00, 0x00, 0x00, 0x00, 0x00, 0x00, 0x00, 0x00,
    0x00, 0x00, 0x00, 0x00, 0x00, 0x00, 0x00, 0x00, 0x00, 0x00, 0x00, 0x00,
    0x00, 0x00, 0x00, 0x00, 0x00, 0x00, 0x00, 0x00, 0x00, 0x00, 0x00, 0x00,
    0x00, 0x00, 0x00, 0x00, 0x00, 0x00, 0x00, 0x00, 0x00, 0x00, 0x00, 0x00,
    0x00, 0x00, 0x00, 0x00, 0x00, 0x00, 0x00, 0x00, 0x00, 0x00, 0x00, 0x00,
    0x00, 0x00, 0x00, 0x00, 0x00, 0x00, 0x00, 0x00, 0x00, 0x00, 0x00, 0x00,
    0x00, 0x00, 0x00, 0x00, 0x00, 0x00, 0x00, 0x00, 0x00, 0x00, 0x00, 0x00,
    0x00, 0x00, 0x00, 0x00, 0x00, 0x00, 0x00, 0x00, 0x00, 0x00, 0x00, 0x00,
    0x00, 0x00, 0x00, 0x00, 0x00, 0x00, 0x00, 0x00, 0x00, 0x00, 0x00, 0x00,
    0x00, 0x00, 0x00, 0x00, 0x00, 0x00, 0x00, 0x00, 0x00, 0x00, 0x00, 0x00,
    0x00, 0x00, 0x00, 0x00, 0x00, 0x00, 0x00, 0x00, 0x00, 0x00, 0x00, 0x00,
    0x00, 0x00, 0x00, 0x00, 0x00, 0x00, 0x00, 0x00, 0x00, 0x00, 0x00, 0x00,
    0x00, 0x00, 0x00, 0x00, 0x00, 0x00, 0x00, 0x00, 0x00, 0x00, 0x00, 0x00,
    0x00, 0x00, 0x00, 0x00, 0x00, 0x00, 0x00, 0x00, 0x00, 0x00, 0x00, 0x00,
    0x00, 0x00, 0x00, 0x00, 0x00, 0x00, 0x00, 0x00, 0x00, 0x00, 0x00, 0x00,
    0x00, 0x00, 0x00, 0x00, 0x00, 0x00, 0x00, 0x00, 0x00, 0x00, 0x00, 0x00,
    0x00, 0x00, 0x00, 0x00, 0x00, 0x00, 0x00, 0x00, 0x00, 0x00, 0x00, 0x00,
    0x00, 0x00, 0x00, 0x00, 0x00, 0x00, 0x00, 0x00, 0x00, 0x00, 0x00, 0x00,
    0x00, 0x00, 0x00, 0x00, 0x00, 0x00, 0x00, 0x00, 0x00, 0x00, 0x00, 0x00,
};
static const lv_image_dsc_t weather_icon_cloud = {
    .header = {.magic = LV_IMAGE_HEADER_MAGIC, .cf = LV_COLOR_FORMAT_ARGB8565, .w = 32, .h = 32, .stride = 96},
    .data_size = 3072,
    .data = weather_icon_cloud_data,
};

/* overcast */
static const uint8_t weather_icon_overcast_data[] = {
    0x00, 0x00, 0x00, 0x00, 0x00, 0x00, 0x00, 0x00, 0x00, 0x00, 0x00, 0x00,
    0x00, 0x00, 0x00, 0x00, 0x00, 0x00, 0x00, 0x00, 0x00, 0x00, 0x00, 0x00,
    0x00, 0x00, 0x00, 0x00, 0x00, 0x00, 0x00, 0x00, 0x00, 0x00, 0x00, 0x00,
    0x00, 0x00, 0x00, 0x00, 0x00, 0x00, 0x00, 0x00, 0x00, 0x00, 0x00, 0x00,
    0x00, 0x00, 0x00, 0x00, 0x00, 0x00, 0x00, 0x00, 0x00, 0x00, 0x00, 0x00,
    0x00, 0x00, 0x00, 0x00, 0x00, 0x00, 0x00, 0x00, 0x00, 0x00, 0x00, 0x00,
    0x00, 0x00, 0x00, 0x00, 0x00, 0x00, 0x00, 0x00, 0x00, 0x00, 0x00, 0x00,
    0x00, 0x00, 0x00, 0x00, 0x00, 0x00, 0x00, 0x00, 0x00, 0x00, 0x00, 0x00,
    0x00, 0x00, 0x00, 0x00, 0x00, 0x00, 0x00, 0x00, 0x00, 0x00, 0x00, 0x00,
    0x00, 0x00, 0x00, 0x00, 0x00, 0x00, 0x00, 0x00, 0x00, 0x00, 0x00, 0x00,
    0x00, 0x00, 0x00, 0x00, 0x00, 0x00, 0x00, 0x00, 0x00, 0x00, 0x00, 0x00,
    0x00, 0x00, 0x00, 0x00, 0x00, 0x00, 0x00, 0x00, 0x00, 0x00, 0x00, 0x00,
    0x01, 0x00, 0x00, 0x01, 0x00, 0x00, 0x01, 0x00, 0x00, 0x00, 0x00, 0x00,
    0x00, 0x00, 0x00, 0x00, 0x00, 0x00, 0x00, 0x00, 0x00, 0x00, 0x00, 0x00,
    0x00, 0x00, 0x00, 0x00, 0x00, 0x00, 0x00, 0x00, 0x00, 0x00, 0x00, 0x00,
    0x00, 0x00, 0x00, 0x00, 0x00, 0x00, 0x00, 0x00, 0x00, 0x00, 0x00, 0x00,
    0x00, 0x00, 0x00, 0x00, 0x00, 0x00, 0x00, 0x00, 0x00, 0x00, 0x00, 0x00,
    0x00, 0x00, 0x00, 0x00, 0x00, 0x00, 0x00, 0x00, 0x00, 0x00, 0x00, 0x00,
    0x00, 0x00, 0x00, 0x00, 0x00, 0x00, 0x00, 0x00, 0x00, 0x00, 0x00, 0x00,
    0x00, 0x00, 0x00, 0x00, 0x00, 0x00, 0x00, 0x00, 0x00, 0x03, 0x55, 0xAD,
    0x00, 0x00, 0x00, 0x00, 0x00, 0x00, 0x00, 0x00, 0x00, 0x02, 0xEF, 0x7B,
    0x00, 0x00, 0x00, 0x00, 0x00, 0x00, 0x00, 0x00, 0x00, 0x00, 0x00, 0x00,
    0x00, 0x00, 0x00, 0x00, 0x00, 0x00, 0x00, 0x00, 0x00, 0x00, 0x00, 0x00,
    0x00, 0x00, 0x00, 0x00, 0x00, 0x00, 0x00, 0x00, 0x00, 0x00, 0x00, 0x00,
    0x00, 0x00, 0x00, 0x00, 0x00, 0x00, 0x00, 0x00, 0x00, 0x00, 0x00, 0x00,
    0x00, 0x00, 0x00, 0x00, 0x00, 0x00, 0x00, 0x00, 0x00, 0x00, 0x00, 0x00,
    0x00, 0x00, 0x00, 0x00, 0x00, 0x00, 0x00, 0x00, 0x00, 0x00, 0x00, 0x00,
    0x00, 0x00, 0x00, 0x00, 0x00, 0x00, 0x02, 0xEF, 0x7B, 0x00, 0x00, 0x00,
    0x09, 0x71, 0x8C, 0x0B, 0x14, 0x8D, 0x0A, 0x79, 0xB6, 0x00, 0x00, 0x00,
    0x03, 0x55, 0xAD, 0x01, 0x00, 0x00, 0x00, 0x00, 0x00, 0x00, 0x00, 0x00,
    0x00, 0x00, 0x00, 0x00, 0x00, 0x00, 0x00, 0x00, 0x00, 0x00, 0x00, 0x00,
    0x00, 0x00, 0x00, 0x00, 0x00, 0x00, 0x00, 0x00, 0x00, 0x00, 0x00, 0x00,
    0x00, 0x00, 0x00, 0x00, 0x00, 0x00, 0x00, 0x00, 0x00, 0x00, 0x00, 0x00,
    0x00, 0x00, 0x00, 0x00, 0x00, 0x00, 0x00, 0x00, 0x00, 0x00, 0x00, 0x00,
    0x00, 0x00, 0x00, 0x00, 0x00, 0x00, 0x00, 0x00, 0x00, 0x00, 0x00, 0x00,
    0x04, 0xEF, 0x7B, 0x07, 0x92, 0x94, 0x00, 0x00, 0x00, 0x37, 0xF4, 0x94,
    0xEF, 0x35, 0x9D, 0xF1, 0x15, 0x9D, 0xF5, 0x56, 0xA5, 0x83, 0xF4, 0x9C,
    0x00, 0x00, 0x00, 0x04, 0xF7, 0xBD, 0x00, 0x00, 0x00, 0x00, 0x00, 0x00,
    0x00, 0x00, 0x00, 0x00, 0x00, 0x00, 0x00, 0x00, 0x00, 0x00, 0x00, 0x00,
    0x00, 0x00, 0x00, 0x00, 0x00, 0x00, 0x00, 0x00, 0x00, 0x00, 0x00, 0x00,
    0x00, 0x00, 0x00, 0x00, 0x00, 0x00, 0x00, 0x00, 0x00, 0x00, 0x00, 0x00,
    0x00, 0x00, 0x00, 0x00, 0x00, 0x00, 0x00, 0x00, 0x00, 0x00, 0x00, 0x00,
    0x00, 0x00, 0x00, 0x00, 0x00, 0x00, 0x00, 0x00, 0x00, 0x03, 0x55, 0xAD,
    0x00, 0x00, 0x00, 0x00, 0x00, 0x00, 0x3E, 0x14, 0x9D, 0xF2, 0x56, 0xA5,
    0xFF, 0x35, 0x9D, 0xFF, 0x15, 0x9D, 0xFF, 0x15, 0x9D, 0xFF, 0x76, 0xA5,
    0x7C, 0x15, 0x9D, 0x00, 0x00, 0x00, 0x03, 0x55, 0xAD, 0x00, 0x00, 0x00,
    0x00, 0x00, 0x00, 0x00, 0x00, 0x00, 0x00, 0x00, 0x00, 0x00, 0x00, 0x00,
    0x00, 0x00, 0x00, 0x00, 0x00, 0x00, 0x00, 0x00, 0x00, 0x00, 0x00, 0x00,
    0x00, 0x00, 0x00, 0x00, 0x00, 0x00, 0x00, 0x00, 0x00, 0x00, 0x00, 0x00,
    0x00, 0x00, 0x00, 0x00, 0x00, 0x00, 0x00, 0x00, 0x00, 0x00, 0x00, 0x00,
    0x00, 0x00, 0x00, 0x00, 0x00, 0x00, 0x02, 0xEF, 0x7B, 0x00, 0x00, 0x00,
    0x4F, 0xF4, 0x94, 0x59, 0x15, 0x9D, 0xF7, 0x15, 0x9D, 0xFF, 0x35, 0x9D,
    0xFD, 0xF4, 0x9C, 0xFF, 0x15, 0x9D, 0xFE, 0xF4, 0x9C, 0xF9, 0x15, 0x9D,
    0xFF, 0x76, 0xAD, 0x84, 0x14, 0x9D, 0x02, 0xEF, 0x7B, 0x03, 0x55, 0xAD,
    0x00, 0x00, 0x00, 0x00, 0x00, 0x00, 0x00, 0x00, 0x00, 0x00, 0x00, 0x00,
    0x00, 0x00, 0x00, 0x00, 0x00, 0x00, 0x00, 0x00, 0x00, 0x00, 0x00, 0x00,
    0x00, 0x00, 0x00, 0x00, 0x00, 0x00, 0x00, 0x00, 0x00, 0x00, 0x00, 0x00,
    0x00, 0x00, 0x00, 0x00, 0x00, 0x00, 0x00, 0x00, 0x00, 0x00, 0x00, 0x00,
    0x00, 0x00, 0x00, 0x06, 0xEF, 0x7B, 0x00, 0x00, 0x00, 0x7C, 0x15, 0x9D,
    0xFF, 0x97, 0xAD, 0xFF, 0x76, 0xA5, 0xFF, 0x15, 0x9D, 0xFE, 0xF4, 0x9C,
    0xFF, 0x15, 0x9D, 0xFF, 0x15, 0x9D, 0xFF, 0x15, 0x9D, 0xFE, 0x15, 0x9D,
    0xFD, 0x15, 0x9D, 0xFF, 0x35, 0x9D, 0x11, 0x36, 0x95, 0x00, 0x00, 0x00,
    0x01, 0x00, 0x00, 0x00, 0x00, 0x00, 0x00, 0x00, 0x00, 0x00, 0x00, 0x00,
    0x00, 0x00, 0x00, 0x00, 0x00, 0x00, 0x00, 0x00, 0x00, 0x00, 0x00, 0x00,
    0x00, 0x00, 0x00, 0x00, 0x00, 0x00, 0x00, 0x00, 0x00, 0x00, 0x00, 0x00,
    0x00, 0x00, 0x00, 0x00, 0x00, 0x00, 0x00, 0x00, 0x00, 0x00, 0x00, 0x00,
    0x03, 0x55, 0xAD, 0x00, 0x00, 0x00, 0x83, 0xF4, 0x94, 0xFF, 0x76, 0xAD,
    0xF8, 0x15, 0x9D, 0xFA, 0x14, 0x9D, 0xFF, 0x15, 0x9D, 0xFF, 0x15, 0x9D,
    0xFF, 0x15, 0x9D, 0xFF, 0x15, 0x9D, 0xFF, 0x15, 0x9D, 0xFF, 0x15, 0x9D,
    0xFB, 0xF4, 0x9C, 0xFB, 0x56, 0xA5, 0xA5, 0x15, 0x9D, 0x00, 0x00, 0x00,
    0x05, 0xD3, 0x9C, 0x00, 0x00, 0x00, 0x00, 0x00, 0x00, 0x00, 0x00, 0x00,
    0x00, 0x00, 0x00, 0x00, 0x00, 0x00, 0x00, 0x00, 0x00, 0x00, 0x00, 0x00,
    0x00, 0x00, 0x00, 0x00, 0x00, 0x00, 0x00, 0x00, 0x00, 0x00, 0x00, 0x00,
    0x00, 0x00, 0x00, 0x00, 0x00, 0x00, 0x00, 0x00, 0x00, 0x04, 0xEF, 0x7B,
    0x00, 0x00, 0x00, 0x78, 0xF5, 0x9C, 0xFF, 0x76, 0xAD, 0xFB, 0xF4, 0x9C,
    0xFF, 0x15, 0x9D, 0xFF, 0x15, 0x9D, 0xFF, 0x15, 0x9D, 0xFF, 0x15, 0x9D,
    0xFF, 0x15, 0x9D, 0xFF, 0x15, 0x9D, 0xFF, 0x15, 0x9D, 0xFF, 0x15, 0x9D,
    0xFB, 0xF4, 0x9C, 0xFF, 0x56, 0xA5, 0xAE, 0xF5, 0x9C, 0x00, 0x00, 0x00,
    0x05, 0xD3, 0x9C, 0x00, 0x00, 0x00, 0x00, 0x00, 0x00, 0x00, 0x00, 0x00,
    0x00, 0x00, 0x00, 0x00, 0x00, 0x00, 0x00, 0x00, 0x00, 0x00, 0x00, 0x00,
    0x00, 0x00, 0x00, 0x00, 0x00, 0x00, 0x00, 0x00, 0x00, 0x00, 0x00, 0x00,
    0x00, 0x00, 0x00, 0x00, 0x00, 0x00, 0x00, 0x00, 0x00, 0x05, 0xD3, 0x9C,
    0x01, 0xFF, 0xFF, 0xB9, 0xF5, 0x9C, 0xFC, 0x76, 0xA5, 0xFB, 0xF4, 0x9C,
    0xFF, 0x15, 0x9D, 0xFF, 0x15, 0x9D, 0xFF, 0x15, 0x9D, 0xFF, 0x15, 0x9D,
    0xFF, 0x15, 0x9D, 0xFF, 0x15, 0x9D, 0xFF, 0x15, 0x9D, 0xFF, 0x15, 0x9D,
    0xFB, 0xF4, 0x9C, 0xFF, 0x56, 0xA5, 0xAD, 0x15, 0x9D, 0x04, 0xF7, 0x7D,
    0x05, 0xD3, 0x9C, 0x00, 0x00, 0x00, 0x00, 0x00, 0x00, 0x00, 0x00, 0x00,
    0x00, 0x00, 0x00, 0x00, 0x00, 0x00, 0x00, 0x00, 0x00, 0x00, 0x00, 0x00,
    0x00, 0x00, 0x00, 0x00, 0x00, 0x00, 0x00, 0x00, 0x00, 0x00, 0x00, 0x00,
    0x00, 0x00, 0x00, 0x00, 0x00, 0x00, 0x00, 0x00, 0x00, 0x06, 0x55, 0x7D,
    0x00, 0x00, 0x00, 0xA3, 0xF4, 0x9C, 0xFF, 0x76, 0xA5, 0xFB, 0xF4, 0x9C,
    0xFF, 0x15, 0x9D, 0xFF, 0x15, 0x9D, 0xFF, 0x15, 0x9D, 0xFF, 0x15, 0x9D,
    0xFF, 0x15, 0x9D, 0xFF, 0x15, 0x9D, 0xFF, 0x15, 0x9D, 0xFF, 0x15, 0x9D,
    0xFB, 0xF4, 0x9C, 0xFF, 0x76, 0xA5, 0xA6, 0xF5, 0x9C, 0x00, 0x00, 0x00,
    0x08, 0xF3, 0x9C, 0x00, 0x00, 0x00, 0x00, 0x00, 0x00, 0x00, 0x00, 0x00,
    0x00, 0x00, 0x00, 0x00, 0x00, 0x00, 0x00, 0x00, 0x00, 0x00, 0x00, 0x00,
    0x00, 0x00, 0x00, 0x00, 0x00, 0x00, 0x00, 0x00, 0x00, 0x00, 0x00, 0x00,
    0x00, 0x00, 0x00, 0x00, 0x00, 0x00, 0x03, 0x55, 0xAD, 0x02, 0xEF, 0x7B,
    0x0D, 0xF3, 0x9C, 0xC7, 0x35, 0xA5, 0xFD, 0x36, 0xA5, 0xFC, 0xF4, 0x9C,
    0xFF, 0x15, 0x9D, 0xFF, 0x15, 0x9D, 0xFF, 0x15, 0x9D, 0xFF, 0x15, 0x9D,
    0xFF, 0x15, 0x9D, 0xFF, 0x15, 0x9D, 0xFF, 0x15, 0x9D, 0xFF, 0x15, 0x9D,
    0xFC, 0xF4, 0x9C, 0xFF, 0x36, 0xA5, 0xC7, 0x15, 0x9D, 0x4F, 0xF4, 0x94,
    0x00, 0x00, 0x00, 0x02, 0xEF, 0x7B, 0x00, 0x00, 0x00, 0x00, 0x00, 0x00,
    0x00, 0x00, 0x00, 0x00, 0x00, 0x00, 0x00, 0x00, 0x00, 0x00, 0x00, 0x00,
    0x00, 0x00, 0x00, 0x00, 0x00, 0x00, 0x00, 0x00, 0x00, 0x00, 0x00, 0x00,
    0x00, 0x00, 0x00, 0x01, 0x00, 0x00, 0x00, 0x00, 0x00, 0x07, 0x72, 0x6B,
    0xC8, 0x15, 0x9D, 0xFF, 0x56, 0xA5, 0xFC, 0xF4, 0x9C, 0xFF, 0x15, 0x9D,
    0xFF, 0x15, 0x9D, 0xFF, 0x15, 0x9D, 0xFF, 0x15, 0x9D, 0xFF, 0x15, 0x9D,
    0xFF, 0x15, 0x9D, 0xFF, 0x15, 0x9D, 0xFF, 0x15, 0x9D, 0xFF, 0x15, 0x9D,
    0xFF, 0x15, 0x9D, 0xFF, 0xF4, 0x9C, 0xFF, 0x15, 0x9D, 0xFF, 0x97, 0xAD,
    0x7B, 0x15, 0x9D, 0x00, 0x00, 0x00, 0x03, 0xAA, 0x52, 0x00, 0x00, 0x00,
    0x00, 0x00, 0x00, 0x00, 0x00, 0x00, 0x00, 0x00, 0x00, 0x00, 0x00, 0x00,
    0x00, 0x00, 0x00, 0x00, 0x00, 0x00, 0x00, 0x00, 0x00, 0x00, 0x00, 0x00,
    0x01, 0xFF, 0xFF, 0x03, 0x55, 0xAD, 0x1B, 0x14, 0x95, 0xC1, 0x35, 0x9D,
    0xFF, 0x76, 0xA5, 0xFB, 0xF4, 0x9C, 0xFF, 0x15, 0x9D, 0xFF, 0x15, 0x9D,
    0xFF, 0x15, 0x9D, 0xFF, 0x15, 0x9D, 0xFF, 0x15, 0x9D, 0xFF, 0x15, 0x9D,
    0xFF, 0x15, 0x9D, 0xFF, 0x15, 0x9D, 0xFF, 0x15, 0x9D, 0xFF, 0x15, 0x9D,
    0xFF, 0x15, 0x9D, 0xFF, 0x15, 0x9D, 0xFD, 0x14, 0x9D, 0xF8, 0x15, 0x9D,
    0xFF, 0x76, 0xAD, 0x84, 0x14, 0x9D, 0x04, 0xF7, 0x7B, 0x03, 0x55, 0xAD,
    0x00, 0x00, 0x00, 0x00, 0x00, 0x00, 0x00, 0x00, 0x00, 0x00, 0x00, 0x00,
    0x00, 0x00, 0x00, 0x00, 0x00, 0x00, 0x00, 0x00, 0x00, 0x00, 0x00, 0x00,
    0x04, 0xF7, 0xBD, 0x00, 0x00, 0x00, 0x5A, 0xF4, 0x9C, 0xFF, 0x97, 0xAD,
    0xF7, 0xF4, 0x9C, 0xFF, 0x15, 0x9D, 0xFF, 0x15, 0x9D, 0xFF, 0x15, 0x9D,
    0xFF, 0x15, 0x9D, 0xFF, 0x15, 0x9D, 0xFF, 0x15, 0x9D, 0xFF, 0x15, 0x9D,
    0xFF, 0x15, 0x9D, 0xFF, 0x15, 0x9D, 0xFF, 0x15, 0x9D, 0xFF, 0x15, 0x9D,
    0xFF, 0x15, 0x9D, 0xFF, 0x15, 0x9D, 0xFF, 0x15, 0x9D, 0xFE, 0x15, 0x9D,
    0xFD, 0x15, 0x9D, 0xFF, 0x15, 0x9D, 0x0B, 0x54, 0x8C, 0x00, 0x00, 0x00,
    0x01, 0x00, 0x00, 0x00, 0x00, 0x00, 0x00, 0x00, 0x00, 0x00, 0x00, 0x00,
    0x00, 0x00, 0x00, 0x00, 0x00, 0x00, 0x00, 0x00, 0x00, 0x00, 0x00, 0x00,
    0x04, 0xF7, 0xBD, 0x00, 0x00, 0x00, 0x51, 0x14, 0x9D, 0xFD, 0x76, 0xA5,
    0xFA, 0x15, 0x9D, 0xFF, 0x15, 0x9D, 0xFF, 0x15, 0x9D, 0xFF, 0x15, 0x9D,
    0xFF, 0x15, 0x9D, 0xFF, 0x15, 0x9D, 0xFF, 0x15, 0x9D, 0xFF, 0x15, 0x9D,
    0xFF, 0x15, 0x9D, 0xFF, 0x15, 0x9D, 0xFF, 0x15, 0x9D, 0xFF, 0x15, 0x9D,
    0xFF, 0x15, 0x9D, 0xFF, 0x15, 0x9D, 0xFF, 0x15, 0x9D, 0xFE, 0x15, 0x9D,
    0xFF, 0x15, 0x9D, 0xF2, 0x14, 0x9D, 0x0A, 0xD6, 0x9C, 0x00, 0x00, 0x00,
    0x01, 0x00, 0x00, 0x00, 0x00, 0x00, 0x00, 0x00, 0x00, 0x00, 0x00, 0x00,
    0x00, 0x00, 0x00, 0x00, 0x00, 0x00, 0x00, 0x00, 0x00, 0x00, 0x00, 0x00,
    0x04, 0xF7, 0xBD, 0x00, 0x00, 0x00, 0x51, 0x14, 0x9D, 0xFD, 0x76, 0xA5,
    0xFA, 0x15, 0x9D, 0xFF, 0x15, 0x9D, 0xFF, 0x15, 0x9D, 0xFF, 0x15, 0x9D,
    0xFF, 0x15, 0x9D, 0xFF, 0x15, 0x9D, 0xFF, 0x15, 0x9D, 0xFF, 0x15, 0x9D,
    0xFF, 0x15, 0x9D, 0xFF, 0x15, 0x9D, 0xFF, 0x15, 0x9D, 0xFF, 0x15, 0x9D,
    0xFF, 0x15, 0x9D, 0xFF, 0x15, 0x9D, 0xFF, 0x15, 0x9D, 0xFE, 0x15, 0x9D,
    0xFF, 0x15, 0x9D, 0xF2, 0x14, 0x9D, 0x0A, 0xD6, 0x9C, 0x00, 0x00, 0x00,
    0x01, 0x00, 0x00, 0x00, 0x00, 0x00, 0x00, 0x00, 0x00, 0x00, 0x00, 0x00,
    0x00, 0x00, 0x00, 0x00, 0x00, 0x00, 0x00, 0x00, 0x00, 0x00, 0x00, 0x00,
    0x04, 0xF7, 0xBD, 0x00, 0x00, 0x00, 0x5A, 0xF4, 0x9C, 0xFF, 0x97, 0xAD,
    0xF7, 0xF4, 0x9C, 0xFF, 0x15, 0x9D, 0xFF, 0x15, 0x9D, 0xFF, 0x15, 0x9D,
    0xFF, 0x15, 0x9D, 0xFF, 0x15, 0x9D, 0xFF, 0x15, 0x9D, 0xFF, 0x15, 0x9D,
    0xFF, 0x15, 0x9D, 0xFF, 0x15, 0x9D, 0xFF, 0x15, 0x9D, 0xFF, 0x15, 0x9D,
    0xFF, 0x15, 0x9D, 0xFF, 0x15, 0x9D, 0xFF, 0x15, 0x9D, 0xFE, 0x15, 0x9D,
    0xFD, 0x15, 0x9D, 0xFF, 0x15, 0x9D, 0x0B, 0x54, 0x8C, 0x00, 0x00, 0x00,
    0x01, 0x00, 0x00, 0x00, 0x00, 0x00, 0x00, 0x00, 0x00, 0x00, 0x00, 0x00,
    0x00, 0x00, 0x00, 0x00, 0x00, 0x00, 0x00, 0x00, 0x00, 0x00, 0x00, 0x00,
    0x01, 0xFF, 0xFF, 0x03, 0x55, 0xAD, 0x1B, 0x14, 0x95, 0xC1, 0x35, 0x9D,
    0xFF, 0x76, 0xA5, 0xF8, 0xF4, 0x9C, 0xFB, 0xF4, 0x9C, 0xFA, 0x15, 0x9D,
    0xFA, 0x15, 0x9D, 0xFA, 0x15, 0x9D, 0xFA, 0x15, 0x9D, 0xFA, 0x15, 0x9D,
    0xFA, 0x15, 0x9D, 0xFA, 0x15, 0x9D, 0xFA, 0x15, 0x9D, 0xFA, 0x15, 0x9D,
    0xFA, 0x15, 0x9D, 0xFA, 0x15, 0x9D, 0xFA, 0xF4, 0x9C, 0xF8, 0x15, 0x9D,
    0xFF, 0x76, 0xAD, 0x84, 0x14, 0x9D, 0x04, 0xF7, 0x7B, 0x03, 0x55, 0xAD,
    0x00, 0x00, 0x00, 0x00, 0x00, 0x00, 0x00, 0x00, 0x00, 0x00, 0x00, 0x00,
    0x00, 0x00, 0x00, 0x00, 0x00, 0x00, 0x00, 0x00, 0x00, 0x00, 0x00, 0x00,
    0x00, 0x00, 0x00, 0x01, 0x00, 0x00, 0x00, 0x00, 0x00, 0x07, 0x92, 0x94,
    0xC8, 0x15, 0x9D, 0xFF, 0x97, 0xAD, 0xFF, 0x76, 0xA5, 0xFF, 0x76, 0xA5,
    0xFF, 0x76, 0xA5, 0xFF, 0x76, 0xA5, 0xFF, 0x76, 0xA5, 0xFF, 0x76, 0xA5,
    0xFF, 0x76, 0xA5, 0xFF, 0x76, 0xA5, 0xFF, 0x76, 0xA5, 0xFF, 0x76, 0xA5,
    0xFF, 0x76, 0xA5, 0xFF, 0x76, 0xA5, 0xFF, 0x76, 0xA5, 0xFF, 0x97, 0xAD,
    0x7C, 0x15, 0x9D, 0x00, 0x00, 0x00, 0x03, 0xAA, 0x52, 0x00, 0x00, 0x00,
    0x00, 0x00, 0x00, 0x00, 0x00, 0x00, 0x00, 0x00, 0x00, 0x00, 0x00, 0x00,
    0x00, 0x00, 0x00, 0x00, 0x00, 0x00, 0x00, 0x00, 0x00, 0x00, 0x00, 0x00,
    0x00, 0x00, 0x00, 0x00, 0x00, 0x00, 0x03, 0x55, 0xAD, 0x00, 0x00, 0x00,
    0x0D, 0xF3, 0x9C, 0x53, 0x77, 0xAD, 0x51, 0x14, 0x9D, 0x53, 0xF4, 0x9C,
    0x53, 0xF4, 0x9C, 0x53, 0xF4, 0x9C, 0x53, 0xF4, 0x9C, 0x53, 0xF4, 0x9C,
    0x53, 0xF4, 0x9C, 0x53, 0xF4, 0x9C, 0x53, 0xF4, 0x9C, 0x53, 0xF4, 0x9C,
    0x53, 0xF4, 0x9C, 0x52, 0x14, 0x9D, 0x53, 0x15, 0x9D, 0x4F, 0xF4, 0x94,
    0x00, 0x00, 0x00, 0x02, 0xEF, 0x7B, 0x00, 0x00, 0x00, 0x00, 0x00, 0x00,
    0x00, 0x00, 0x00, 0x00, 0x00, 0x00, 0x00, 0x00, 0x00, 0x00, 0x00, 0x00,
    0x00, 0x00, 0x00, 0x00, 0x00, 0x00, 0x00, 0x00, 0x00, 0x00, 0x00, 0x00,
    0x00, 0x00, 0x00, 0x00, 0x00, 0x00, 0x00, 0x00, 0x00, 0x01, 0x00, 0x00,
    0x00, 0x00, 0x00, 0x00, 0x00, 0x00, 0x00, 0x00, 0x00, 0x00, 0x00, 0x00,
    0x00, 0x00, 0x00, 0x00, 0x00, 0x00, 0x00, 0x00, 0x00, 0x00, 0x00, 0x00,
    0x00, 0x00, 0x00, 0x00, 0x00, 0x00, 0x00, 0x00, 0x00, 0x00, 0x00, 0x00,
    0x00, 0x00, 0x00, 0x00, 0x00, 0x00, 0x00, 0x00, 0x00, 0x00, 0x00, 0x00,
    0x03, 0x55, 0xAD, 0x00, 0x00, 0x00, 0x00, 0x00, 0x00, 0x00, 0x00, 0x00,
    0x00, 0x00, 0x00, 0x00, 0x00, 0x00, 0x00, 0x00, 0x00, 0x00, 0x00, 0x00,
    0x00, 0x00, 0x00, 0x00, 0x00, 0x00, 0x00, 0x00, 0x00, 0x00, 0x00, 0x00,
    0x00, 0x00, 0x00, 0x00, 0x00, 0x00, 0x00, 0x00, 0x00, 0x00, 0x00, 0x00,
    0x01, 0xFF, 0xFF, 0x04, 0xF7, 0xBD, 0x04, 0xF7, 0x7D, 0x04, 0xF7, 0xBD,
    0x04, 0xF7, 0xBD, 0x04, 0xF7, 0xBD, 0x04, 0xF7, 0xBD, 0x04, 0xF7, 0xBD,
    0x04, 0xF7, 0xBD, 0x04, 0xF7, 0xBD, 0x04, 0xF7, 0xBD, 0x04, 0xF7, 0xBD,
    0x04, 0xF7, 0xBD, 0x04, 0xF7, 0xBD, 0x04, 0xF7, 0xBD, 0x04, 0xF7, 0x7D,
    0x00, 0x00, 0x00, 0x00, 0x00, 0x00, 0x00, 0x00, 0x00, 0x00, 0x00, 0x00,
    0x00, 0x00, 0x00, 0x00, 0x00, 0x00, 0x00, 0x00, 0x00, 0x00, 0x00, 0x00,
    0x00, 0x00, 0x00, 0x00, 0x00, 0x00, 0x00, 0x00, 0x00, 0x00, 0x00, 0x00,
    0x00, 0x00, 0x00, 0x00, 0x00, 0x00, 0x00, 0x00, 0x00, 0x00, 0x00, 0x00,
    0x00, 0x00, 0x00, 0x00, 0x00, 0x00, 0x00, 0x00, 0x00, 0x00, 0x00, 0x00,
    0x00, 0x00, 0x00, 0x00, 0x00, 0x00, 0x00, 0x00, 0x00, 0x00, 0x00, 0x00,
    0x00, 0x00, 0x00, 0x00, 0x00, 0x00, 0x00, 0x00, 0x00, 0x00, 0x00, 0x00,
    0x00, 0x00, 0x00, 0x00, 0x00, 0x00, 0x00, 0x00, 0x00, 0x00, 0x00, 0x00,
    0x00, 0x00, 0x00, 0x00, 0x00, 0x00, 0x00, 0x00, 0x00, 0x00, 0x00, 0x00,
    0x00, 0x00, 0x00, 0x00, 0x00, 0x00, 0x00, 0x00, 0x00, 0x00, 0x00, 0x00,
    0x00, 0x00, 0x00, 0x00, 0x00, 0x00, 0x00, 0x00, 0x00, 0x00, 0x00, 0x00,
    0x00, 0x00, 0x00, 0x00, 0x00, 0x00, 0x00, 0x00, 0x00, 0x00, 0x00, 0x00,
    0x00, 0x00, 0x00, 0x00, 0x00, 0x00, 0x00, 0x00, 0x00, 0x00, 0x00, 0x00,
    0x00, 0x00, 0x00, 0x00, 0x00, 0x00, 0x00, 0x00, 0x00, 0x00, 0x00, 0x00,
    0x00, 0x00, 0x00, 0x00, 0x00, 0x00, 0x00, 0x00, 0x00, 0x00, 0x00, 0x00,
    0x00, 0x00, 0x00, 0x00, 0x00, 0x00, 0x00, 0x00, 0x00, 0x00, 0x00, 0x00,
    0x00, 0x00, 0x00, 0x00, 0x00, 0x00, 0x00, 0x00, 0x00, 0x00, 0x00, 0x00,
    0x00, 0x00, 0x00, 0x00, 0x00, 0x00, 0x00, 0x00, 0x00, 0x00, 0x00, 0x00,
    0x00, 0x00, 0x00, 0x00, 0x00, 0x00, 0x00, 0x00, 0x00, 0x00, 0x00, 0x00,
    0x00, 0x00, 0x00, 0x00, 0x00, 0x00, 0x00, 0x00, 0x00, 0x00, 0x00, 0x00,
    0x00, 0x00, 0x00, 0x00, 0x00, 0x00, 0x00, 0x00, 0x00, 0x00, 0x00, 0x00,
    0x00, 0x00, 0x00, 0x00, 0x00, 0x00, 0x00, 0x00, 0x00, 0x00, 0x00, 0x00,
    0x00, 0x00, 0x00, 0x00, 0x00, 0x00, 0x00, 0x00, 0x00, 0x00, 0x00, 0x00,
    0x00, 0x00, 0x00, 0x00, 0x00, 0x00, 0x00, 0x00, 0x00, 0x00, 0x00, 0x00,
    0x00, 0x00, 0x00, 0x00, 0x00, 0x00, 0x00, 0x00, 0x00, 0x00, 0x00, 0x00,
    0x00, 0x00, 0x00, 0x00, 0x00, 0x00, 0x00, 0x00, 0x00, 0x00, 0x00, 0x00,
    0x00, 0x00, 0x00, 0x00, 0x00, 0x00, 0x00, 0x00, 0x00, 0x00, 0x00, 0x00,
    0x00, 0x00, 0x00, 0x00, 0x00, 0x00, 0x00, 0x00, 0x00, 0x00, 0x00, 0x00,
    0x00, 0x00, 0x00, 0x00, 0x00, 0x00, 0x00, 0x00, 0x00, 0x00, 0x00, 0x00,
    0x00, 0x00, 0x00, 0x00, 0x00, 0x00, 0x00, 0x00, 0x00, 0x00, 0x00, 0x00,
    0x00, 0x00, 0x00, 0x00, 0x00, 0x00, 0x00, 0x00, 0x00, 0x00, 0x00, 0x00,
    0x00, 0x00, 0x00, 0x00, 0x00, 0x00, 0x00, 0x00, 0x00, 0x00, 0x00, 0x00,
    0x00, 0x00, 0x00, 0x00, 0x00, 0x00, 0x00, 0x00, 0x00, 0x00, 0x00, 0x00,
    0x00, 0x00, 0x00, 0x00, 0x00, 0x00, 0x00, 0x00, 0x00, 0x00, 0x00, 0x00,
    0x00, 0x00, 0x00, 0x00, 0x00, 0x00, 0x00, 0x00, 0x00, 0x00, 0x00, 0x00,
    0x00, 0x00, 0x00, 0x00, 0x00, 0x00, 0x00, 0x00, 0x00, 0x00, 0x00, 0x00,
    0x00, 0x00, 0x00, 0x00, 0x00, 0x00, 0x00, 0x00, 0x00, 0x00, 0x00, 0x00,
    0x00, 0x00, 0x00, 0x00, 0x00, 0x00, 0x00, 0x00, 0x00, 0x00, 0x00, 0x00,
    0x00, 0x00, 0x00, 0x00, 0x00, 0x00, 0x00, 0x00, 0x00, 0x00, 0x00, 0x00,
    0x00, 0x00, 0x00, 0x00, 0x00, 0x00, 0x00, 0x00, 0x00, 0x00, 0x00, 0x00,
    0x00, 0x00, 0x00, 0x00, 0x00, 0x00, 0x00, 0x00, 0x00, 0x00, 0x00, 0x00,
    0x00, 0x00, 0x00, 0x00, 0x00, 0x00, 0x00, 0x00, 0x00, 0x00, 0x00, 0x00,
    0x00, 0x00, 0x00, 0x00, 0x00, 0x00, 0x00, 0x00, 0x00, 0x00, 0x00, 0x00,
    0x00, 0x00, 0x00, 0x00, 0x00, 0x00, 0x00, 0x00, 0x00, 0x00, 0x00, 0x00,
    0x00, 0x00, 0x00, 0x00, 0x00, 0x00, 0x00, 0x00, 0x00, 0x00, 0x00, 0x00,
    0x00, 0x00, 0x00, 0x00, 0x00, 0x00, 0x00, 0x00, 0x00, 0x00, 0x00, 0x00,
    0x00, 0x00, 0x00, 0x00, 0x00, 0x00, 0x00, 0x00, 0x00, 0x00, 0x00, 0x00,
    0x00, 0x00, 0x00, 0x00, 0x00, 0x00, 0x00, 0x00, 0x00, 0x00, 0x00, 0x00,
    0x00, 0x00, 0x00, 0x00, 0x00, 0x00, 0x00, 0x00, 0x00, 0x00, 0x00, 0x00,
    0x00, 0x00, 0x00, 0x00, 0x00, 0x00, 0x00, 0x00, 0x00, 0x00, 0x00, 0x00,
    0x00, 0x00, 0x00, 0x00, 0x00, 0x00, 0x00, 0x00, 0x00, 0x00, 0x00, 0x00,
    0x00, 0x00, 0x00, 0x00, 0x00, 0x00, 0x00, 0x00, 0x00, 0x00, 0x00, 0x00,
    0x00, 0x00, 0x00, 0x00, 0x00, 0x00, 0x00, 0x00, 0x00, 0x00, 0x00, 0x00,
    0x00, 0x00, 0x00, 0x00, 0x00, 0x00, 0x00, 0x00, 0x00, 0x00, 0x00, 0x00,
    0x00, 0x00, 0x00, 0x00, 0x00, 0x00, 0x00, 0x00, 0x00, 0x00, 0x00, 0x00,
    0x00, 0x00, 0x00, 0x00, 0x00, 0x00, 0x00, 0x00, 0x00, 0x00, 0x00, 0x00,
    0x00, 0x00, 0x00, 0x00, 0x00, 0x00, 0x00, 0x00, 0x00, 0x00, 0x00, 0x00,
    0x00, 0x00, 0x00, 0x00, 0x00, 0x00, 0x00, 0x00, 0x00, 0x00, 0x00, 0x00,
    0x00, 0x00, 0x00, 0x00, 0x00, 0x00, 0x00, 0x00, 0x00, 0x00, 0x00, 0x00,
    0x00, 0x00, 0x00, 0x00, 0x00, 0x00, 0x00, 0x00, 0x00, 0x00, 0x00, 0x00,
    0x00, 0x00, 0x00, 0x00, 0x00, 0x00, 0x00, 0x00, 0x00, 0x00, 0x00, 0x00,
    0x00, 0x00, 0x00, 0x00, 0x00, 0x00, 0x00, 0x00, 0x00, 0x00, 0x00, 0x00,
    0x00, 0x00, 0x00, 0x00, 0x00, 0x00, 0x00, 0x00, 0x00, 0x00, 0x00, 0x00,
    0x00, 0x00, 0x00, 0x00, 0x00, 0x00, 0x00, 0x00, 0x00, 0x00, 0x00, 0x00,
    0x00, 0x00, 0x00, 0x00, 0x00, 0x00, 0x00, 0x00, 0x00, 0x00, 0x00, 0x00,
    0x00, 0x00, 0x00, 0x00, 0x00, 0x00, 0x00, 0x00, 0x00, 0x00, 0x00, 0x00,
};
static const lv_image_dsc_t weather_icon_overcast = {
    .header = {.magic = LV_IMAGE_HEADER_MAGIC, .cf = LV_COLOR_FORMAT_ARGB8565, .w = 32, .h = 32, .stride = 96},
    .data_size = 3072,
    .data = weather_icon_overcast_data,
};

/* rain */
static const uint8_t weather_icon_rain_data[] = {
    0x00, 0x00, 0x00, 0x00, 0x00, 0x00, 0x00, 0x00, 0x00, 0x00, 0x00, 0x00,
    0x00, 0x00, 0x00, 0x00, 0x00, 0x00, 0x00, 0x00, 0x00, 0x00, 0x00, 0x00,
    0x00, 0x00, 0x00, 0x00, 0x00, 0x00, 0x00, 0x00, 0x00, 0x00, 0x00, 0x00,
    0x00, 0x00, 0x00, 0x00, 0x00, 0x00, 0x02, 0xEF, 0x7B, 0x00, 0x00, 0x00,
    0x00, 0x00, 0x00, 0x00, 0x00, 0x00, 0x00, 0x00, 0x00, 0x00, 0x00, 0x00,
    0x02, 0xFF, 0xFF, 0x00, 0x00, 0x00, 0x00, 0x00, 0x00, 0x00, 0x00, 0x00,
    0x00, 0x00, 0x00, 0x00, 0x00, 0x00, 0x00, 0x00, 0x00, 0x00, 0x00, 0x00,
    0x00, 0x00, 0x00, 0x00, 0x00, 0x00, 0x00, 0x00, 0x00, 0x00, 0x00, 0x00,
    0x00, 0x00, 0x00, 0x00, 0x00, 0x00, 0x00, 0x00, 0x00, 0x00, 0x00, 0x00,
    0x00, 0x00, 0x00, 0x00, 0x00, 0x00, 0x00, 0x00, 0x00, 0x00, 0x00, 0x00,
    0x00, 0x00, 0x00, 0x00, 0x00, 0x00, 0x00, 0x00, 0x00, 0x01, 0xFF, 0xFF,
    0x01, 0xFF, 0xFF, 0x03, 0x55, 0xAD, 0x00, 0x00, 0x00, 0x10, 0x7F, 0xEF,
    0xA1, 0x5A, 0xC6, 0xAA, 0xFC, 0xDE, 0x77, 0x5A, 0xC6, 0x09, 0x55, 0xAD,
    0x00, 0x00, 0x00, 0x02, 0xFF, 0x7F, 0x00, 0x00, 0x00, 0x00, 0x00, 0x00,
    0x00, 0x00, 0x00, 0x00, 0x00, 0x00, 0x00, 0x00, 0x00, 0x00, 0x00, 0x00,
    0x00, 0x00, 0x00, 0x00, 0x00, 0x00, 0x00, 0x00, 0x00, 0x00, 0x00, 0x00,
    0x00, 0x00, 0x00, 0x00, 0x00, 0x00, 0x00, 0x00, 0x00, 0x00, 0x00, 0x00,
    0x00, 0x00, 0x00, 0x00, 0x00, 0x00, 0x00, 0x00, 0x00, 0x00, 0x00, 0x00,
    0x00, 0x00, 0x00, 0x00, 0x00, 0x00, 0x02, 0xEF, 0x7B, 0x00, 0x00, 0x00,
    0x00, 0x00, 0x00, 0x00, 0x00, 0x00, 0x84, 0x5A, 0xC6, 0xF7, 0xBC, 0xD6,
    0xFF, 0xBC, 0xD6, 0xFF, 0xFC, 0xDE, 0xFF, 0xBB, 0xD6, 0xEF, 0x9B, 0xCE,
    0x38, 0x5A, 0xC6, 0x00, 0x00, 0x00, 0x03, 0x55, 0xAD, 0x00, 0x00, 0x00,
    0x00, 0x00, 0x00, 0x00, 0x00, 0x00, 0x00, 0x00, 0x00, 0x00, 0x00, 0x00,
    0x00, 0x00, 0x00, 0x00, 0x00, 0x00, 0x00, 0x00, 0x00, 0x00, 0x00, 0x00,
    0x00, 0x00, 0x00, 0x00, 0x00, 0x00, 0x00, 0x00, 0x00, 0x00, 0x00, 0x00,
    0x00, 0x00, 0x00, 0x00, 0x00, 0x00, 0x00, 0x00, 0x00, 0x00, 0x00, 0x00,
    0x01, 0x00, 0x00, 0x03, 0x55, 0xAD, 0x00, 0x00, 0x00, 0x0E, 0xDD, 0xDE,
    0x0A, 0x79, 0xB6, 0x7C, 0x5A, 0xC6, 0xFF, 0xFC, 0xDE, 0xFF, 0x7A, 0xCE,
    0xFB, 0x7A, 0xCE, 0xFB, 0x5A, 0xC6, 0xFC, 0x5A, 0xC6, 0xFF, 0x9B, 0xCE,
    0xF1, 0xBB, 0xD6, 0x3F, 0x5A, 0xC6, 0x05, 0x7F, 0xCE, 0x03, 0x55, 0xAD,
    0x00, 0x00, 0x00, 0x00, 0x00, 0x00, 0x00, 0x00, 0x00, 0x00, 0x00, 0x00,
    0x00, 0x00, 0x00, 0x00, 0x00, 0x00, 0x00, 0x00, 0x00, 0x00, 0x00, 0x00,
    0x00, 0x00, 0x00, 0x00, 0x00, 0x00, 0x00, 0x00, 0x00, 0x00, 0x00, 0x00,
    0x00, 0x00, 0x00, 0x00, 0x00, 0x00, 0x00, 0x00, 0x00, 0x00, 0x00, 0x00,
    0x04, 0xF7, 0xBD, 0x00, 0x00, 0x00, 0x83, 0x5A, 0xC6, 0xF5, 0xDC, 0xD6,
    0xF1, 0x7A, 0xC6, 0xFF, 0x9B, 0xCE, 0xFC, 0x7A, 0xCE, 0xFE, 0x5A, 0xC6,
    0xFF, 0x7A, 0xCE, 0xFF, 0x7A, 0xCE, 0xFF, 0x7A, 0xCE, 0xFD, 0x5A, 0xC6,
    0xFF, 0x9B, 0xCE, 0xF4, 0x5A, 0xC6, 0x00, 0x00, 0x00, 0x00, 0x00, 0x00,
    0x01, 0x00, 0x00, 0x00, 0x00, 0x00, 0x00, 0x00, 0x00, 0x00, 0x00, 0x00,
    0x00, 0x00, 0x00, 0x00, 0x00, 0x00, 0x00, 0x00, 0x00, 0x00, 0x00, 0x00,
    0x00, 0x00, 0x00, 0x00, 0x00, 0x00, 0x00, 0x00, 0x00, 0x00, 0x00, 0x00,
    0x00, 0x00, 0x00, 0x00, 0x00, 0x00, 0x00, 0x00, 0x00, 0x03, 0x55, 0xAD,
    0x00, 0x00, 0x00, 0x7C, 0x7A, 0xCE, 0xFF, 0xFC, 0xDE, 0xFF, 0x7A, 0xCE,
    0xFF, 0x7A, 0xCE, 0xFD, 0x7A, 0xCE, 0xFF, 0x5A, 0xC6, 0xFF, 0x7A, 0xCE,
    0xFF, 0x7A, 0xCE, 0xFF, 0x7A, 0xCE, 0xFF, 0x7A, 0xCE, 0xFF, 0x7A, 0xCE,
    0xFB, 0x7A, 0xCE, 0xFC, 0xBB, 0xD6, 0x78, 0x7A, 0xC6, 0x00, 0x00, 0x00,
    0x04, 0xF7, 0xBD, 0x00, 0x00, 0x00, 0x00, 0x00, 0x00, 0x00, 0x00, 0x00,
    0x00, 0x00, 0x00, 0x00, 0x00, 0x00, 0x00, 0x00, 0x00, 0x00, 0x00, 0x00,
    0x00, 0x00, 0x00, 0x00, 0x00, 0x00, 0x00, 0x00, 0x00, 0x00, 0x00, 0x00,
    0x00, 0x00, 0x00, 0x00, 0x00, 0x00, 0x03, 0x55, 0xAD, 0x04, 0xF7, 0xBD,
    0x84, 0x7A, 0xCE, 0xFF, 0xFC, 0xDE, 0xF9, 0x7A, 0xCE, 0xFE, 0x5A, 0xC6,
    0xFE, 0x5A, 0xC6, 0xFF, 0x7A, 0xCE, 0xFF, 0x7A, 0xCE, 0xFF, 0x7A, 0xCE,
    0xFF, 0x7A, 0xCE, 0xFF, 0x7A, 0xCE, 0xFF, 0x7A, 0xCE, 0xFF, 0x7A, 0xCE,
    0xFB, 0x7A, 0xCE, 0xFF, 0xFC, 0xD6, 0xB8, 0x5A, 0xC6, 0x00, 0x00, 0x00,
    0x05, 0x79, 0xCE, 0x00, 0x00, 0x00, 0x00, 0x00, 0x00, 0x00, 0x00, 0x00,
    0x00, 0x00, 0x00, 0x00, 0x00, 0x00, 0x00, 0x00, 0x00, 0x00, 0x00, 0x00,
    0x00, 0x00, 0x00, 0x00, 0x00, 0x00, 0x00, 0x00, 0x00, 0x00, 0x00, 0x00,
    0x00, 0x00, 0x00, 0x01, 0x00, 0x00, 0x00, 0x00, 0x00, 0x0B, 0x9C, 0xD6,
    0xFF, 0x9A, 0xCE, 0xFD, 0x7A, 0xCE, 0xFE, 0x7A, 0xCE, 0xFF, 0x7A, 0xCE,
    0xFF, 0x7A, 0xCE, 0xFF, 0x7A, 0xCE, 0xFF, 0x7A, 0xCE, 0xFF, 0x7A, 0xCE,
    0xFF, 0x7A, 0xCE, 0xFF, 0x7A, 0xCE, 0xFF, 0x7A, 0xCE, 0xFF, 0x7A, 0xCE,
    0xFB, 0x7A, 0xCE, 0xFF, 0xDC, 0xD6, 0xAA, 0x7A, 0xC6, 0x01, 0x00, 0x00,
    0x05, 0x79, 0xCE, 0x00, 0x00, 0x00, 0x00, 0x00, 0x00, 0x00, 0x00, 0x00,
    0x00, 0x00, 0x00, 0x00, 0x00, 0x00, 0x00, 0x00, 0x00, 0x00, 0x00, 0x00,
    0x00, 0x00, 0x00, 0x00, 0x00, 0x00, 0x00, 0x00, 0x00, 0x00, 0x00, 0x00,
    0x00, 0x00, 0x00, 0x01, 0x00, 0x00, 0x01, 0xFF, 0xFF, 0x09, 0x1F, 0xE7,
    0xF2, 0x5A, 0xC6, 0xFF, 0x7A, 0xCE, 0xFE, 0x7A, 0xCE, 0xFF, 0x7A, 0xCE,
    0xFF, 0x7A, 0xCE, 0xFF, 0x7A, 0xCE, 0xFF, 0x7A, 0xCE, 0xFF, 0x7A, 0xCE,
    0xFF, 0x7A, 0xCE, 0xFF, 0x7A, 0xCE, 0xFF, 0x7A, 0xCE, 0xFF, 0x7A, 0xCE,
    0xFB, 0x7A, 0xCE, 0xFF, 0xDC, 0xD6, 0xAB, 0x7A, 0xC6, 0x00, 0x00, 0x00,
    0x08, 0xF7, 0xBD, 0x00, 0x00, 0x00, 0x00, 0x00, 0x00, 0x00, 0x00, 0x00,
    0x00, 0x00, 0x00, 0x00, 0x00, 0x00, 0x00, 0x00, 0x00, 0x00, 0x00, 0x00,
    0x00, 0x00, 0x00, 0x00, 0x00, 0x00, 0x00, 0x00, 0x00, 0x00, 0x00, 0x00,
    0x00, 0x00, 0x00, 0x02, 0xEF, 0x7B, 0x00, 0x00, 0x00, 0x0B, 0x17, 0xA5,
    0xF6, 0x7A, 0xCE, 0xFF, 0x7A, 0xCE, 0xFE, 0x7A, 0xCE, 0xFF, 0x7A, 0xCE,
    0xFF, 0x7A, 0xCE, 0xFF, 0x7A, 0xCE, 0xFF, 0x7A, 0xCE, 0xFF, 0x7A, 0xCE,
    0xFF, 0x7A, 0xCE, 0xFF, 0x7A, 0xCE, 0xFF, 0x7A, 0xCE, 0xFF, 0x7A, 0xCE,
    0xFB, 0x7A, 0xCE, 0xFF, 0xDC, 0xD6, 0xB0, 0x7A, 0xC6, 0x09, 0x55, 0xAD,
    0x00, 0x00, 0x00, 0x02, 0xFF, 0x7F, 0x00, 0x00, 0x00, 0x00, 0x00, 0x00,
    0x00, 0x00, 0x00, 0x00, 0x00, 0x00, 0x00, 0x00, 0x00, 0x00, 0x00, 0x00,
    0x00, 0x00, 0x00, 0x00, 0x00, 0x00, 0x00, 0x00, 0x00, 0x00, 0x00, 0x00,
    0x02, 0xEF, 0x7B, 0x00, 0x00, 0x00, 0x0D, 0x3A, 0xC6, 0xC0, 0xBB, 0xD6,
    0xFD, 0xBB, 0xD6, 0xFC, 0x7A, 0xCE, 0xFF, 0x7A, 0xCE, 0xFF, 0x7A, 0xCE,
    0xFF, 0x7A, 0xCE, 0xFF, 0x7A, 0xCE, 0xFF, 0x7A, 0xCE, 0xFF, 0x7A, 0xCE,
    0xFF, 0x7A, 0xCE, 0xFF, 0x7A, 0xCE, 0xFF, 0x7A, 0xCE, 0xFF, 0x7A, 0xCE,
    0xFF, 0x7A, 0xCE, 0xFE, 0x7A, 0xCE, 0xFA, 0x7A, 0xCE, 0xEF, 0x9B, 0xCE,
    0x37, 0x3A, 0xC6, 0x00, 0x00, 0x00, 0x03, 0x55, 0xAD, 0x00, 0x00, 0x00,
    0x00, 0x00, 0x00, 0x00, 0x00, 0x00, 0x00, 0x00, 0x00, 0x00, 0x00, 0x00,
    0x00, 0x00, 0x00, 0x00, 0x00, 0x00, 0x00, 0x00, 0x00, 0x01, 0x00, 0x00,
    0x02, 0xEF, 0x7B, 0x0D, 0x3A, 0xC6, 0xC8, 0x7A, 0xCE, 0xFF, 0xDC, 0xD6,
    0xFC, 0x5A, 0xC6, 0xFF, 0x7A, 0xCE, 0xFF, 0x7A, 0xCE, 0xFF, 0x7A, 0xCE,
    0xFF, 0x7A, 0xCE, 0xFF, 0x7A, 0xCE, 0xFF, 0x7A, 0xCE, 0xFF, 0x7A, 0xCE,
    0xFF, 0x7A, 0xCE, 0xFF, 0x7A, 0xCE, 0xFF, 0x7A, 0xCE, 0xFF, 0x7A, 0xCE,
    0xFF, 0x7A, 0xCE, 0xFF, 0x7A, 0xCE, 0xFE, 0x5A, 0xC6, 0xFF, 0x9B, 0xCE,
    0xF1, 0xBC, 0xD6, 0x3F, 0x5A, 0xC6, 0x02, 0xFF, 0xFF, 0x03, 0x55, 0xAD,
    0x00, 0x00, 0x00, 0x00, 0x00, 0x00, 0x00, 0x00, 0x00, 0x00, 0x00, 0x00,
    0x00, 0x00, 0x00, 0x00, 0x00, 0x00, 0x00, 0x00, 0x00, 0x05, 0x79, 0xCE,
    0x00, 0x00, 0x00, 0xA6, 0x7A, 0xC6, 0xFF, 0x1D, 0xDF, 0xF9, 0x5A, 0xC6,
    0xFF, 0x7A, 0xCE, 0xFF, 0x7A, 0xCE, 0xFF, 0x7A, 0xCE, 0xFF, 0x7A, 0xCE,
    0xFF, 0x7A, 0xCE, 0xFF, 0x7A, 0xCE, 0xFF, 0x7A, 0xCE, 0xFF, 0x7A, 0xCE,
    0xFF, 0x7A, 0xCE, 0xFF, 0x7A, 0xCE, 0xFF, 0x7A, 0xCE, 0xFF, 0x7A, 0xCE,
    0xFF, 0x7A, 0xCE, 0xFF, 0x7A, 0xCE, 0xFF, 0x7A, 0xCE, 0xFD, 0x5A, 0xC6,
    0xFF, 0x9B, 0xCE, 0xF4, 0x5A, 0xCE, 0x09, 0x3C, 0xC6, 0x00, 0x00, 0x00,
    0x01, 0x00, 0x00, 0x00, 0x00, 0x00, 0x00, 0x00, 0x00, 0x00, 0x00, 0x00,
    0x00, 0x00, 0x00, 0x00, 0x00, 0x00, 0x00, 0x00, 0x00, 0x05, 0x79, 0xCE,
    0x00, 0x00, 0x00, 0xAE, 0x5A, 0xC6, 0xFC, 0xDC, 0xD6, 0xFB, 0x7A, 0xCE,
    0xFF, 0x7A, 0xCE, 0xFF, 0x7A, 0xCE, 0xFF, 0x7A, 0xCE, 0xFF, 0x7A, 0xCE,
    0xFF, 0x7A, 0xCE, 0xFF, 0x7A, 0xCE, 0xFF, 0x7A, 0xCE, 0xFF, 0x7A, 0xCE,
    0xFF, 0x7A, 0xCE, 0xFF, 0x7A, 0xCE, 0xFF, 0x7A, 0xCE, 0xFF, 0x7A, 0xCE,
    0xFF, 0x7A, 0xCE, 0xFF, 0x7A, 0xCE, 0xFF, 0x7A, 0xCE, 0xFE, 0x7A, 0xCE,
    0xFE, 0x7A, 0xCE, 0xF6, 0x7A, 0xC6, 0x0A, 0x7C, 0xCE, 0x00, 0x00, 0x00,
    0x01, 0x00, 0x00, 0x00, 0x00, 0x00, 0x00, 0x00, 0x00, 0x00, 0x00, 0x00,
    0x00, 0x00, 0x00, 0x00, 0x00, 0x00, 0x00, 0x00, 0x00, 0x05, 0x79, 0xCE,
    0x00, 0x00, 0x00, 0xA9, 0x7A, 0xCE, 0xFF, 0xDC, 0xD6, 0xFB, 0x7A, 0xCE,
    0xFF, 0x7A, 0xCE, 0xFF, 0x7A, 0xCE, 0xFF, 0x7A, 0xCE, 0xFF, 0x7A, 0xCE,
    0xFF, 0x7A, 0xCE, 0xFF, 0x7A, 0xCE, 0xFF, 0x7A, 0xCE, 0xFF, 0x7A, 0xCE,
    0xFF, 0x7A, 0xCE, 0xFF, 0x7A, 0xCE, 0xFF, 0x7A, 0xCE, 0xFF, 0x7A, 0xCE,
    0xFF, 0x7A, 0xCE, 0xFF, 0x7A, 0xCE, 0xFF, 0x7A, 0xCE, 0xFE, 0x7A, 0xCE,
    0xFF, 0x7A, 0xCE, 0xF2, 0x7A, 0xCE, 0x0A, 0x7C, 0xCE, 0x00, 0x00, 0x00,
    0x01, 0x00, 0x00, 0x00, 0x00, 0x00, 0x00, 0x00, 0x00, 0x00, 0x00, 0x00,
    0x00, 0x00, 0x00, 0x00, 0x00, 0x00, 0x00, 0x00, 0x00, 0x05, 0x79, 0xCE,
    0x00, 0x00, 0x00, 0xB7, 0x7A, 0xCE, 0xFC, 0xFC, 0xD6, 0xFB, 0x7A, 0xCE,
    0xFF, 0x7A, 0xCE, 0xFF, 0x7A, 0xCE, 0xFF, 0x7A, 0xCE, 0xFF, 0x7A, 0xCE,
    0xFF, 0x7A, 0xCE, 0xFF, 0x7A, 0xCE, 0xFF, 0x7A, 0xCE, 0xFF, 0x7A, 0xCE,
    0xFF, 0x7A, 0xCE, 0xFF, 0x7A, 0xCE, 0xFF, 0x7A, 0xCE, 0xFF, 0x7A, 0xCE,
    0xFF, 0x7A, 0xCE, 0xFF, 0x7A, 0xCE, 0xFF, 0x7A, 0xCE, 0xFE, 0x7A, 0xCE,
    0xFD, 0x7A, 0xCE, 0xFF, 0x7A, 0xCE, 0x0B, 0x9C, 0xD6, 0x00, 0x00, 0x00,
    0x01, 0x00, 0x00, 0x00, 0x00, 0x00, 0x00, 0x00, 0x00, 0x00, 0x00, 0x00,
    0x00, 0x00, 0x00, 0x00, 0x00, 0x00, 0x00, 0x00, 0x00, 0x04, 0xF7, 0xBD,
    0x00, 0x00, 0x00, 0x78, 0x7A, 0xC6, 0xFF, 0xFC, 0xDE, 0xFB, 0x5A, 0xC6,
    0xFB, 0x7A, 0xCE, 0xFB, 0x7A, 0xCE, 0xFB, 0x7A, 0xCE, 0xFB, 0x7A, 0xCE,
    0xFB, 0x7A, 0xCE, 0xFB, 0x7A, 0xCE, 0xFB, 0x7A, 0xCE, 0xFB, 0x7A, 0xCE,
    0xFB, 0x7A, 0xCE, 0xFB, 0x7A, 0xCE, 0xFB, 0x7A, 0xCE, 0xFB, 0x7A, 0xCE,
    0xFB, 0x7A, 0xCE, 0xFB, 0x7A, 0xCE, 0xFB, 0x7A, 0xCE, 0xF8, 0x5A, 0xC6,
    0xFF, 0xDC, 0xD6, 0xC7, 0x5A, 0xC6, 0x06, 0xBF, 0xD6, 0x02, 0xEF, 0x7B,
    0x01, 0x00, 0x00, 0x00, 0x00, 0x00, 0x00, 0x00, 0x00, 0x00, 0x00, 0x00,
    0x00, 0x00, 0x00, 0x00, 0x00, 0x00, 0x00, 0x00, 0x00, 0x00, 0x00, 0x00,
    0x03, 0x55, 0xAD, 0x00, 0x00, 0x00, 0x83, 0x5A, 0xC6, 0xFF, 0xFD, 0xDE,
    0xFF, 0xDC, 0xD6, 0xFF, 0xDC, 0xD6, 0xFF, 0xDC, 0xD6, 0xFF, 0xDC, 0xD6,
    0xFF, 0xDC, 0xD6, 0xFF, 0xDC, 0xD6, 0xFF, 0xDC, 0xD6, 0xFF, 0xDC, 0xD6,
    0xFF, 0xDC, 0xD6, 0xFF, 0xDC, 0xD6, 0xFF, 0xDC, 0xD6, 0xFF, 0xDC, 0xD6,
    0xFF, 0xDC, 0xD6, 0xFF, 0xDC, 0xD6, 0xFF, 0xDC, 0xD6, 0xFF, 0x1D, 0xDF,
    0xC1, 0xBB, 0xD6, 0x0E, 0x59, 0xCE, 0x02, 0xFF, 0xFF, 0x02, 0xEF, 0x7B,
    0x00, 0x00, 0x00, 0x00, 0x00, 0x00, 0x00, 0x00, 0x00, 0x00, 0x00, 0x00,
    0x00, 0x00, 0x00, 0x00, 0x00, 0x00, 0x00, 0x00, 0x00, 0x00, 0x00, 0x00,
    0x00, 0x00, 0x00, 0x06, 0x55, 0xAD, 0x00, 0x00, 0x00, 0x78, 0x9A, 0xCE,
    0xAC, 0xDC, 0xD6, 0xAA, 0x7A, 0xC6, 0xAC, 0x7A, 0xCE, 0xAC, 0x7A, 0xCE,
    0xAC, 0x7A, 0xCE, 0xAF, 0x7A, 0xC6, 0xAF, 0x7A, 0xC6, 0xAC, 0x7A, 0xCE,
    0xAC, 0x7A, 0xCE, 0xAC, 0x7A, 0xCE, 0xAC, 0x7A, 0xCE, 0xAC, 0x7A, 0xCE,
    0xAC, 0x7A, 0xCE, 0xAC, 0x7A, 0xCE, 0xAC, 0x7A, 0xCE, 0xA7, 0x7A, 0xCE,
    0x0C, 0xB7, 0x7C, 0x00, 0x00, 0x00, 0x01, 0xFF, 0xFF, 0x00, 0x00, 0x00,
    0x00, 0x00, 0x00, 0x00, 0x00, 0x00, 0x00, 0x00, 0x00, 0x00, 0x00, 0x00,
    0x00, 0x00, 0x00, 0x00, 0x00, 0x00, 0x00, 0x00, 0x00, 0x00, 0x00, 0x00,
    0x00, 0x00, 0x00, 0x00, 0x00, 0x00, 0x02, 0xEF, 0x7B, 0x00, 0x00, 0x00,
    0x00, 0x00, 0x00, 0x00, 0x00, 0x00, 0x00, 0x00, 0x00, 0x00, 0x00, 0x00,
    0x00, 0x00, 0x00, 0x00, 0x00, 0x00, 0x00, 0x00, 0x00, 0x00, 0x00, 0x00,
    0x00, 0x00, 0x00, 0x00, 0x00, 0x00, 0x00, 0x00, 0x00, 0x00, 0x00, 0x00,
    0x00, 0x00, 0x00, 0x00, 0x00, 0x00, 0x00, 0x00, 0x00, 0x00, 0x00, 0x00,
    0x00, 0x00, 0x00, 0x00, 0x00, 0x00, 0x00, 0x00, 0x00, 0x00, 0x00, 0x00,
    0x00, 0x00, 0x00, 0x00, 0x00, 0x00, 0x00, 0x00, 0x00, 0x00, 0x00, 0x00,
    0x00, 0x00, 0x00, 0x00, 0x00, 0x00, 0x00, 0x00, 0x00, 0x00, 0x00, 0x00,
    0x00, 0x00, 0x00, 0x00, 0x00, 0x00, 0x00, 0x00, 0x00, 0x03, 0xFF, 0xFF,
    0x05, 0x79, 0xCE, 0x05, 0x79, 0xCE, 0x05, 0x79, 0xCE, 0x06, 0xBA, 0xAE,
    0x04, 0xF7, 0xBD, 0x42, 0x7D, 0x64, 0x45, 0x9D, 0x64, 0x05, 0x79, 0xCE,
    0x07, 0xB6, 0x95, 0x05, 0x79, 0xCE, 0x06, 0xBA, 0xAE, 0x09, 0x5C, 0x8D,
    0x05, 0x79, 0xCE, 0x05, 0x79, 0xCE, 0x05, 0x79, 0xCE, 0x04, 0xF7, 0xFD,
    0x54, 0xBF, 0x64, 0x1D, 0x7D, 0x54, 0x00, 0x00, 0x00, 0x01, 0xFF, 0x07,
    0x00, 0x00, 0x00, 0x00, 0x00, 0x00, 0x00, 0x00, 0x00, 0x00, 0x00, 0x00,
    0x00, 0x00, 0x00, 0x00, 0x00, 0x00, 0x00, 0x00, 0x00, 0x00, 0x00, 0x00,
    0x00, 0x00, 0x00, 0x00, 0x00, 0x00, 0x00, 0x00, 0x00, 0x00, 0x00, 0x00,
    0x00, 0x00, 0x00, 0x00, 0x00, 0x00, 0x00, 0x00, 0x00, 0x05, 0xD9, 0x64,
    0x03, 0x5F, 0x55, 0xD1, 0x7E, 0x5C, 0xC7, 0x7D, 0x5C, 0x00, 0x00, 0x00,
    0x05, 0xD9, 0x64, 0x00, 0x00, 0x00, 0x00, 0x00, 0x00, 0x00, 0x00, 0x00,
    0x00, 0x00, 0x00, 0x01, 0x1F, 0x00, 0x00, 0x00, 0x00, 0x0E, 0xFB, 0x5B,
    0xFF, 0xFF, 0x64, 0x5A, 0x5D, 0x5C, 0x00, 0x00, 0x00, 0x04, 0xFF, 0x3B,
    0x00, 0x00, 0x00, 0x00, 0x00, 0x00, 0x00, 0x00, 0x00, 0x00, 0x00, 0x00,
    0x00, 0x00, 0x00, 0x00, 0x00, 0x00, 0x00, 0x00, 0x00, 0x00, 0x00, 0x00,
    0x00, 0x00, 0x00, 0x00, 0x00, 0x00, 0x00, 0x00, 0x00, 0x00, 0x00, 0x00,
    0x00, 0x00, 0x00, 0x00, 0x00, 0x00, 0x04, 0xFF, 0x3B, 0x00, 0x00, 0x00,
    0x55, 0x7E, 0x5C, 0xF6, 0x9F, 0x5C, 0x0A, 0xFC, 0x4B, 0x00, 0x00, 0x00,
    0x02, 0xFF, 0x7B, 0x00, 0x00, 0x00, 0x1A, 0x5D, 0x5C, 0x55, 0x9F, 0x64,
    0x02, 0xFF, 0x7B, 0x04, 0xF7, 0x7B, 0x01, 0xFF, 0xFF, 0xB8, 0x5D, 0x5C,
    0xBA, 0x5D, 0x5C, 0x02, 0xFF, 0x7B, 0x05, 0xD9, 0x64, 0x00, 0x00, 0x00,
    0x00, 0x00, 0x00, 0x00, 0x00, 0x00, 0x00, 0x00, 0x00, 0x00, 0x00, 0x00,
    0x00, 0x00, 0x00, 0x00, 0x00, 0x00, 0x00, 0x00, 0x00, 0x00, 0x00, 0x00,
    0x00, 0x00, 0x00, 0x00, 0x00, 0x00, 0x00, 0x00, 0x00, 0x00, 0x00, 0x00,
    0x00, 0x00, 0x00, 0x00, 0x00, 0x00, 0x04, 0xFF, 0x3B, 0x00, 0x00, 0x00,
    0x4B, 0x5D, 0x5C, 0xFF, 0xDF, 0x64, 0x04, 0xF7, 0x3B, 0x00, 0x00, 0x00,
    0x05, 0xD9, 0x64, 0x00, 0x00, 0x00, 0x64, 0x7D, 0x5C, 0xFF, 0xDF, 0x64,
    0x06, 0xFA, 0x53, 0x03, 0xBF, 0x52, 0x00, 0x00, 0x00, 0xBD, 0x5D, 0x5C,
    0xCB, 0x7D, 0x5C, 0x00, 0x00, 0x00, 0x05, 0xD9, 0x64, 0x00, 0x00, 0x00,
    0x00, 0x00, 0x00, 0x00, 0x00, 0x00, 0x00, 0x00, 0x00, 0x00, 0x00, 0x00,
    0x00, 0x00, 0x00, 0x00, 0x00, 0x00, 0x00, 0x00, 0x00, 0x00, 0x00, 0x00,
    0x00, 0x00, 0x00, 0x00, 0x00, 0x00, 0x00, 0x00, 0x00, 0x00, 0x00, 0x00,
    0x00, 0x00, 0x00, 0x00, 0x00, 0x00, 0x03, 0xBF, 0x52, 0x05, 0xD9, 0x64,
    0x8C, 0x7E, 0x5C, 0xC7, 0x9E, 0x5C, 0x05, 0x39, 0x63, 0x02, 0xEF, 0x7B,
    0x00, 0x00, 0x00, 0x09, 0x7C, 0x54, 0xF5, 0x9F, 0x5C, 0x57, 0x7D, 0x5C,
    0x00, 0x00, 0x00, 0x06, 0xFA, 0x53, 0x1F, 0x5D, 0x5C, 0xD1, 0x7E, 0x5C,
    0x83, 0x7D, 0x5C, 0x00, 0x00, 0x00, 0x04, 0xF7, 0x3B, 0x00, 0x00, 0x00,
    0x00, 0x00, 0x00, 0x00, 0x00, 0x00, 0x00, 0x00, 0x00, 0x00, 0x00, 0x00,
    0x00, 0x00, 0x00, 0x00, 0x00, 0x00, 0x00, 0x00, 0x00, 0x00, 0x00, 0x00,
    0x00, 0x00, 0x00, 0x00, 0x00, 0x00, 0x00, 0x00, 0x00, 0x00, 0x00, 0x00,
    0x00, 0x00, 0x00, 0x01, 0x1F, 0x00, 0x00, 0x00, 0x00, 0x00, 0x00, 0x00,
    0xFF, 0xFF, 0x64, 0x4E, 0x5D, 0x5C, 0x00, 0x00, 0x00, 0x05, 0xD9, 0x64,
    0x00, 0x00, 0x00, 0x00, 0x00, 0x00, 0xFF, 0xBF, 0x64, 0x5A, 0x5D, 0x5C,
    0x00, 0x00, 0x00, 0x00, 0x00, 0x00, 0x50, 0x5D, 0x5C, 0xFF, 0xFF, 0x64,
    0x00, 0x00, 0x00, 0x00, 0x00, 0x00, 0x01, 0x1F, 0x00, 0x00, 0x00, 0x00,
    0x00, 0x00, 0x00, 0x00, 0x00, 0x00, 0x00, 0x00, 0x00, 0x00, 0x00, 0x00,
    0x00, 0x00, 0x00, 0x00, 0x00, 0x00, 0x00, 0x00, 0x00, 0x00, 0x00, 0x00,
    0x00, 0x00, 0x00, 0x00, 0x00, 0x00, 0x00, 0x00, 0x00, 0x00, 0x00, 0x00,
    0x00, 0x00, 0x00, 0x02, 0xFF, 0x7B, 0x00, 0x00, 0x00, 0x44, 0x5D, 0x5C,
    0xE9, 0x9E, 0x5C, 0x3D, 0x7D, 0x5C, 0x02, 0xFF, 0x7B, 0x05, 0xD9, 0x64,
    0x01, 0xFF, 0xFF, 0x43, 0x7D, 0x5C, 0xE7, 0x9E, 0x5C, 0x3A, 0x7D, 0x5C,
    0x01, 0x1F, 0x00, 0x02, 0xFF, 0x7B, 0x8E, 0x7E, 0x5C, 0xC8, 0x9E, 0x5C,
    0x08, 0xFB, 0x5B, 0x01, 0xFF, 0x07, 0x01, 0x1F, 0x00, 0x00, 0x00, 0x00,
    0x00, 0x00, 0x00, 0x00, 0x00, 0x00, 0x00, 0x00, 0x00, 0x00, 0x00, 0x00,
    0x00, 0x00, 0x00, 0x00, 0x00, 0x00, 0x00, 0x00, 0x00, 0x00, 0x00, 0x00,
    0x00, 0x00, 0x00, 0x00, 0x00, 0x00, 0x00, 0x00, 0x00, 0x00, 0x00, 0x00,
    0x00, 0x00, 0x00, 0x05, 0xD9, 0x64, 0x00, 0x00, 0x00, 0xC6, 0x7D, 0x5C,
    0xB2, 0x5D, 0x5C, 0x00, 0x00, 0x00, 0x05, 0xD9, 0x64, 0x05, 0xD9, 0x64,
    0x00, 0x00, 0x00, 0xC9, 0x5D, 0x5C, 0xC7, 0x5D, 0x5C, 0x00, 0x00, 0x00,
    0x03, 0xB5, 0x52, 0x06, 0xFA, 0x53, 0xFF, 0xBF, 0x64, 0x45, 0x5D, 0x5C,
    0x00, 0x00, 0x00, 0x04, 0xFF, 0x3B, 0x00, 0x00, 0x00, 0x00, 0x00, 0x00,
    0x00, 0x00, 0x00, 0x00, 0x00, 0x00, 0x00, 0x00, 0x00, 0x00, 0x00, 0x00,
    0x00, 0x00, 0x00, 0x00, 0x00, 0x00, 0x00, 0x00, 0x00, 0x00, 0x00, 0x00,
    0x00, 0x00, 0x00, 0x00, 0x00, 0x00, 0x00, 0x00, 0x00, 0x00, 0x00, 0x00,
    0x00, 0x00, 0x00, 0x00, 0x00, 0x00, 0x00, 0x00, 0x00, 0x04, 0xFF, 0x7B,
    0x09, 0x7F, 0x54, 0x02, 0xFF, 0x7B, 0x01, 0xFF, 0x07, 0x03, 0x5F, 0x55,
    0x1D, 0x7D, 0x54, 0xD3, 0x7E, 0x5C, 0x84, 0x7D, 0x5C, 0x02, 0xFF, 0x7B,
    0x04, 0xF7, 0x3B, 0x00, 0x00, 0x00, 0x07, 0x9F, 0x6C, 0x07, 0x9B, 0x4C,
    0x00, 0x00, 0x00, 0x00, 0x00, 0x00, 0x00, 0x00, 0x00, 0x00, 0x00, 0x00,
    0x00, 0x00, 0x00, 0x00, 0x00, 0x00, 0x00, 0x00, 0x00, 0x00, 0x00, 0x00,
    0x00, 0x00, 0x00, 0x00, 0x00, 0x00, 0x00, 0x00, 0x00, 0x00, 0x00, 0x00,
    0x00, 0x00, 0x00, 0x00, 0x00, 0x00, 0x00, 0x00, 0x00, 0x00, 0x00, 0x00,
    0x00, 0x00, 0x00, 0x00, 0x00, 0x00, 0x00, 0x00, 0x00, 0x00, 0x00, 0x00,
    0x00, 0x00, 0x00, 0x00, 0x00, 0x00, 0x04, 0xFF, 0x3B, 0x00, 0x00, 0x00,
    0x5A, 0x5D, 0x5C, 0xFA, 0x9F, 0x5C, 0x00, 0x00, 0x00, 0x00, 0x00, 0x00,
    0x01, 0x1F, 0x00, 0x00, 0x00, 0x00, 0x00, 0x00, 0x00, 0x00, 0x00, 0x00,
    0x00, 0x00, 0x00, 0x00, 0x00, 0x00, 0x00, 0x00, 0x00, 0x00, 0x00, 0x00,
    0x00, 0x00, 0x00, 0x00, 0x00, 0x00, 0x00, 0x00, 0x00, 0x00, 0x00, 0x00,
    0x00, 0x00, 0x00, 0x00, 0x00, 0x00, 0x00, 0x00, 0x00, 0x00, 0x00, 0x00,
    0x00, 0x00, 0x00, 0x00, 0x00, 0x00, 0x00, 0x00, 0x00, 0x00, 0x00, 0x00,
    0x00, 0x00, 0x00, 0x00, 0x00, 0x00, 0x00, 0x00, 0x00, 0x00, 0x00, 0x00,
    0x00, 0x00, 0x00, 0x00, 0x00, 0x00, 0x00, 0x00, 0x00, 0x00, 0x00, 0x00,
    0x02, 0xFF, 0x7B, 0x09, 0x7F, 0x54, 0x04, 0xF7, 0x3B, 0x00, 0x00, 0x00,
    0x00, 0x00, 0x00, 0x00, 0x00, 0x00, 0x01, 0x1F, 0x00, 0x00, 0x00, 0x00,
    0x00, 0x00, 0x00, 0x00, 0x00, 0x00, 0x00, 0x00, 0x00, 0x00, 0x00, 0x00,
    0x00, 0x00, 0x00, 0x00, 0x00, 0x00, 0x00, 0x00, 0x00, 0x00, 0x00, 0x00,
    0x00, 0x00, 0x00, 0x00, 0x00, 0x00, 0x00, 0x00, 0x00, 0x00, 0x00, 0x00,
    0x00, 0x00, 0x00, 0x00, 0x00, 0x00, 0x00, 0x00, 0x00, 0x00, 0x00, 0x00,
    0x00, 0x00, 0x00, 0x00, 0x00, 0x00, 0x00, 0x00, 0x00, 0x00, 0x00, 0x00,
    0x00, 0x00, 0x00, 0x00, 0x00, 0x00, 0x00, 0x00, 0x00, 0x00, 0x00, 0x00,
    0x00, 0x00, 0x00, 0x00, 0x00, 0x00, 0x00, 0x00, 0x00, 0x00, 0x00, 0x00,
    0x00, 0x00, 0x00, 0x00, 0x00, 0x00, 0x00, 0x00, 0x00, 0x00, 0x00, 0x00,
    0x00, 0x00, 0x00, 0x00, 0x00, 0x00, 0x00, 0x00, 0x00, 0x00, 0x00, 0x00,
    0x00, 0x00, 0x00, 0x00, 0x00, 0x00, 0x00, 0x00, 0x00, 0x00, 0x00, 0x00,
};
static const lv_image_dsc_t weather_icon_rain = {
    .header = {.magic = LV_IMAGE_HEADER_MAGIC, .cf = LV_COLOR_FORMAT_ARGB8565, .w = 32, .h = 32, .stride = 96},
    .data_size = 3072,
    .data = weather_icon_rain_data,
};

/* storm */
static const uint8_t weather_icon_storm_data[] = {
    0x00, 0x00, 0x00, 0x00, 0x00, 0x00, 0x00, 0x00, 0x00, 0x00, 0x00, 0x00,
    0x00, 0x00, 0x00, 0x00, 0x00, 0x00, 0x00, 0x00, 0x00, 0x00, 0x00, 0x00,
    0x00, 0x00, 0x00, 0x00, 0x00, 0x00, 0x04, 0xF7, 0x7B, 0x06, 0x55, 0xAD,
    0x00, 0x00, 0x00, 0x33, 0xD4, 0x94, 0x8E, 0x35, 0xA5, 0xFD, 0x56, 0xA5,
    0xFE, 0xF4, 0x9C, 0xF6, 0x14, 0x9D, 0x5D, 0x76, 0xA5, 0x0E, 0x94, 0x94,
    0x00, 0x00, 0x00, 0x03, 0x55, 0xAD, 0x00, 0x00, 0x00, 0x00, 0x00, 0x00,
    0x00, 0x00, 0x00, 0x00, 0x00, 0x00, 0x00, 0x00, 0x00, 0x00, 0x00, 0x00,
    0x00, 0x00, 0x00, 0x00, 0x00, 0x00, 0x00, 0x00, 0x00, 0x00, 0x00, 0x00,
    0x00, 0x00, 0x00, 0x00, 0x00, 0x00, 0x00, 0x00, 0x00, 0x00, 0x00, 0x00,
    0x00, 0x00, 0x00, 0x00, 0x00, 0x00, 0x00, 0x00, 0x00, 0x00, 0x00, 0x00,
    0x00, 0x00, 0x00, 0x03, 0x55, 0xAD, 0x00, 0x00, 0x00, 0x00, 0x00, 0x00,
    0x3D, 0xF4, 0x9C, 0xEF, 0x56, 0xA5, 0xFF, 0x56, 0xA5, 0xFD, 0xF4, 0x9C,
    0xFF, 0x15, 0x9D, 0xFD, 0x15, 0x9D, 0xFF, 0x97, 0xAD, 0xC6, 0x15, 0x9D,
    0x07, 0x72, 0x6B, 0x00, 0x00, 0x00, 0x01, 0x00, 0x00, 0x00, 0x00, 0x00,
    0x00, 0x00, 0x00, 0x00, 0x00, 0x00, 0x00, 0x00, 0x00, 0x00, 0x00, 0x00,
    0x00, 0x00, 0x00, 0x00, 0x00, 0x00, 0x00, 0x00, 0x00, 0x00, 0x00, 0x00,
    0x00, 0x00, 0x00, 0x00, 0x00, 0x00, 0x00, 0x00, 0x00, 0x00, 0x00, 0x00,
    0x00, 0x00, 0x00, 0x00, 0x00, 0x00, 0x00, 0x00, 0x00, 0x00, 0x00, 0x00,
    0x02, 0xEF, 0x7B, 0x00, 0x00, 0x00, 0x4F, 0xF4, 0x94, 0x59, 0x15, 0x9D,
    0xF8, 0x14, 0x9D, 0xFF, 0x35, 0x9D, 0xFB, 0xF4, 0x9C, 0xFF, 0x15, 0x9D,
    0xFF, 0x15, 0x9D, 0xFF, 0x15, 0x9D, 0xF8, 0xF4, 0x9C, 0xFF, 0x76, 0xA5,
    0xC1, 0x35, 0x9D, 0x19, 0xD4, 0x9C, 0x03, 0x55, 0xAD, 0x01, 0xFF, 0xFF,
    0x00, 0x00, 0x00, 0x00, 0x00, 0x00, 0x00, 0x00, 0x00, 0x00, 0x00, 0x00,
    0x00, 0x00, 0x00, 0x00, 0x00, 0x00, 0x00, 0x00, 0x00, 0x00, 0x00, 0x00,
    0x00, 0x00, 0x00, 0x00, 0x00, 0x00, 0x00, 0x00, 0x00, 0x00, 0x00, 0x00,
    0x00, 0x00, 0x00, 0x00, 0x00, 0x00, 0x00, 0x00, 0x00, 0x06, 0xEF, 0x7B,
    0x00, 0x00, 0x00, 0x7C, 0x15, 0x9D, 0xFF, 0x97, 0xAD, 0xFF, 0x76, 0xA5,
    0xFF, 0x15, 0x9D, 0xFE, 0xF4, 0x9C, 0xFF, 0x15, 0x9D, 0xFF, 0x15, 0x9D,
    0xFF, 0x15, 0x9D, 0xFF, 0x15, 0x9D, 0xFF, 0x15, 0x9D, 0xF7, 0x14, 0x9D,
    0xFF, 0x97, 0xAD, 0x60, 0xF4, 0x9C, 0x00, 0x00, 0x00, 0x04, 0xF7, 0xBD,
    0x00, 0x00, 0x00, 0x00, 0x00, 0x00, 0x00, 0x00, 0x00, 0x00, 0x00, 0x00,
    0x00, 0x00, 0x00, 0x00, 0x00, 0x00, 0x00, 0x00, 0x00, 0x00, 0x00, 0x00,
    0x00, 0x00, 0x00, 0x00, 0x00, 0x00, 0x00, 0x00, 0x00, 0x00, 0x00, 0x00,
    0x00, 0x00, 0x00, 0x00, 0x00, 0x00, 0x03, 0x55, 0xAD, 0x00, 0x00, 0x00,
    0x83, 0xF4, 0x94, 0xFF, 0x76, 0xAD, 0xF8, 0x15, 0x9D, 0xFA, 0x14, 0x9D,
    0xFF, 0x15, 0x9D, 0xFF, 0x15, 0x9D, 0xFF, 0x15, 0x9D, 0xFF, 0x15, 0x9D,
    0xFF, 0x15, 0x9D, 0xFF, 0x15, 0x9D, 0xFF, 0x15, 0x9D, 0xFE, 0x15, 0x9D,
    0xFD, 0x15, 0x9D, 0xED, 0x14, 0x9D, 0x0A, 0xD6, 0x9C, 0x00, 0x00, 0x00,
    0x01, 0x00, 0x00, 0x00, 0x00, 0x00, 0x00, 0x00, 0x00, 0x00, 0x00, 0x00,
    0x00, 0x00, 0x00, 0x00, 0x00, 0x00, 0x00, 0x00, 0x00, 0x00, 0x00, 0x00,
    0x00, 0x00, 0x00, 0x00, 0x00, 0x00, 0x00, 0x00, 0x00, 0x00, 0x00, 0x00,
    0x00, 0x00, 0x00, 0x04, 0xEF, 0x7B, 0x00, 0x00, 0x00, 0x78, 0xF5, 0x9C,
    0xFF, 0x76, 0xAD, 0xFB, 0xF4, 0x9C, 0xFF, 0x15, 0x9D, 0xFF, 0x15, 0x9D,
    0xFF, 0x15, 0x9D, 0xFF, 0x15, 0x9D, 0xFF, 0x15, 0x9D, 0xFF, 0x15, 0x9D,
    0xFF, 0x15, 0x9D, 0xFF, 0x15, 0x9D, 0xFF, 0x15, 0x9D, 0xFE, 0x15, 0x9D,
    0xFF, 0x15, 0x9D, 0xF7, 0x14, 0x9D, 0x0A, 0xD6, 0x9C, 0x00, 0x00, 0x00,
    0x01, 0x00, 0x00, 0x00, 0x00, 0x00, 0x00, 0x00, 0x00, 0x00, 0x00, 0x00,
    0x00, 0x00, 0x00, 0x00, 0x00, 0x00, 0x00, 0x00, 0x00, 0x00, 0x00, 0x00,
    0x00, 0x00, 0x00, 0x00, 0x00, 0x00, 0x00, 0x00, 0x00, 0x00, 0x00, 0x00,
    0x00, 0x00, 0x00, 0x05, 0xD3, 0x9C, 0x04, 0xF7, 0x7D, 0xB9, 0xF5, 0x9C,
    0xFC, 0x76, 0xA5, 0xFB, 0xF4, 0x9C, 0xFF, 0x15, 0x9D, 0xFF, 0x15, 0x9D,
    0xFF, 0x15, 0x9D, 0xFF, 0x15, 0x9D, 0xFF, 0x15, 0x9D, 0xFF, 0x15, 0x9D,
    0xFF, 0x15, 0x9D, 0xFF, 0x15, 0x9D, 0xFF, 0x15, 0x9D, 0xFE, 0x15, 0x9D,
    0xFF, 0x15, 0x9D, 0xF5, 0x14, 0x9D, 0x0E, 0x16, 0x95, 0x04, 0xF7, 0x7D,
    0x01, 0x00, 0x00, 0x00, 0x00, 0x00, 0x00, 0x00, 0x00, 0x00, 0x00, 0x00,
    0x00, 0x00, 0x00, 0x00, 0x00, 0x00, 0x00, 0x00, 0x00, 0x00, 0x00, 0x00,
    0x00, 0x00, 0x00, 0x00, 0x00, 0x00, 0x00, 0x00, 0x00, 0x00, 0x00, 0x00,
    0x00, 0x00, 0x00, 0x08, 0xF3, 0x9C, 0x00, 0x00, 0x00, 0xA3, 0xF5, 0x9C,
    0xFF, 0x76, 0xA5, 0xFB, 0xF4, 0x9C, 0xFF, 0x15, 0x9D, 0xFF, 0x15, 0x9D,
    0xFF, 0x15, 0x9D, 0xFF, 0x15, 0x9D, 0xFF, 0x15, 0x9D, 0xFF, 0x15, 0x9D,
    0xFF, 0x15, 0x9D, 0xFF, 0x15, 0x9D, 0xFF, 0x15, 0x9D, 0xFE, 0x15, 0x9D,
    0xFF, 0x15, 0x9D, 0xF4, 0x14, 0x9D, 0x00, 0x00, 0x00, 0x00, 0x00, 0x00,
    0x04, 0xEF, 0x7B, 0x00, 0x00, 0x00, 0x00, 0x00, 0x00, 0x00, 0x00, 0x00,
    0x00, 0x00, 0x00, 0x00, 0x00, 0x00, 0x00, 0x00, 0x00, 0x00, 0x00, 0x00,
    0x00, 0x00, 0x00, 0x00, 0x00, 0x00, 0x00, 0x00, 0x00, 0x00, 0x00, 0x00,
    0x02, 0xEF, 0x7B, 0x00, 0x00, 0x00, 0x4F, 0xF4, 0x94, 0xC7, 0x15, 0x9D,
    0xFF, 0x36, 0xA5, 0xFC, 0xF4, 0x9C, 0xFF, 0x15, 0x9D, 0xFF, 0x15, 0x9D,
    0xFF, 0x15, 0x9D, 0xFF, 0x15, 0x9D, 0xFF, 0x15, 0x9D, 0xFF, 0x15, 0x9D,
    0xFF, 0x15, 0x9D, 0xFF, 0x15, 0x9D, 0xFF, 0x15, 0x9D, 0xFE, 0x15, 0x9D,
    0xFF, 0x15, 0x9D, 0xF8, 0x14, 0x9D, 0x5A, 0x15, 0x9D, 0x4F, 0xF4, 0x94,
    0x00, 0x00, 0x00, 0x02, 0xEF, 0x7B, 0x00, 0x00, 0x00, 0x00, 0x00, 0x00,
    0x00, 0x00, 0x00, 0x00, 0x00, 0x00, 0x00, 0x00, 0x00, 0x00, 0x00, 0x00,
    0x00, 0x00, 0x00, 0x00, 0x00, 0x00, 0x00, 0x00, 0x00, 0x03, 0xAA, 0x52,
    0x00, 0x00, 0x00, 0x7B, 0x15, 0x9D, 0xFF, 0x97, 0xAD, 0xFF, 0x15, 0x9D,
    0xFF, 0xF4, 0x9C, 0xFF, 0x15, 0x9D, 0xFF, 0x15, 0x9D, 0xFF, 0x15, 0x9D,
    0xFF, 0x15, 0x9D, 0xFF, 0x15, 0x9D, 0xFF, 0x15, 0x9D, 0xFF, 0x15, 0x9D,
    0xFF, 0x15, 0x9D, 0xFF, 0x15, 0x9D, 0xFF, 0x15, 0x9D, 0xFF, 0x15, 0x9D,
    0xFF, 0x15, 0x9D, 0xFF, 0x15, 0x9D, 0xFF, 0x76, 0xA5, 0xFF, 0x97, 0xAD,
    0x7C, 0x15, 0x9D, 0x00, 0x00, 0x00, 0x03, 0xAA, 0x52, 0x00, 0x00, 0x00,
    0x00, 0x00, 0x00, 0x00, 0x00, 0x00, 0x00, 0x00, 0x00, 0x00, 0x00, 0x00,
    0x00, 0x00, 0x00, 0x00, 0x00, 0x00, 0x03, 0x55, 0xAD, 0x04, 0xF7, 0x7B,
    0x84, 0x14, 0x9D, 0xFF, 0x76, 0xAD, 0xF8, 0x15, 0x9D, 0xFD, 0x14, 0x9D,
    0xFF, 0x15, 0x9D, 0xFF, 0x15, 0x9D, 0xFF, 0x15, 0x9D, 0xFF, 0x15, 0x9D,
    0xFF, 0x15, 0x9D, 0xFF, 0x15, 0x9D, 0xFF, 0x15, 0x9D, 0xFF, 0x15, 0x9D,
    0xFF, 0x15, 0x9D, 0xFF, 0x15, 0x9D, 0xFF, 0x15, 0x9D, 0xFF, 0x15, 0x9D,
    0xFF, 0x15, 0x9D, 0xFF, 0x15, 0x9D, 0xFA, 0x14, 0x9D, 0xF8, 0x15, 0x9D,
    0xFF, 0x76, 0xAD, 0x84, 0x14, 0x9D, 0x04, 0xF7, 0x7B, 0x03, 0x55, 0xAD,
    0x00, 0x00, 0x00, 0x00, 0x00, 0x00, 0x00, 0x00, 0x00, 0x00, 0x00, 0x00,
    0x00, 0x00, 0x00, 0x01, 0x00, 0x00, 0x00, 0x00, 0x00, 0x0B, 0x54, 0x8C,
    0xFF, 0x15, 0x9D, 0xFD, 0x15, 0x9D, 0xFE, 0x15, 0x9D, 0xFF, 0x15, 0x9D,
    0xFF, 0x15, 0x9D, 0xFF, 0x15, 0x9D, 0xFF, 0x15, 0x9D, 0xFF, 0x15, 0x9D,
    0xFF, 0x15, 0x9D, 0xFF, 0x15, 0x9D, 0xFF, 0x15, 0x9D, 0xFF, 0x15, 0x9D,
    0xFF, 0x15, 0x9D, 0xFF, 0x15, 0x9D, 0xFF, 0x15, 0x9D, 0xFF, 0x15, 0x9D,
    0xFF, 0x15, 0x9D, 0xFF, 0x15, 0x9D, 0xFF, 0x15, 0x9D, 0xFE, 0x15, 0x9D,
    0xFD, 0x15, 0x9D, 0xFF, 0x15, 0x9D, 0x0B, 0x54, 0x8C, 0x00, 0x00, 0x00,
    0x01, 0x00, 0x00, 0x00, 0x00, 0x00, 0x00, 0x00, 0x00, 0x00, 0x00, 0x00,
    0x00, 0x00, 0x00, 0x01, 0x00, 0x00, 0x00, 0x00, 0x00, 0x0A, 0xD6, 0x9C,
    0xF2, 0x14, 0x9D, 0xFF, 0x15, 0x9D, 0xFE, 0x15, 0x9D, 0xFF, 0x15, 0x9D,
    0xFF, 0x15, 0x9D, 0xFF, 0x15, 0x9D, 0xFF, 0x15, 0x9D, 0xFF, 0x15, 0x9D,
    0xFF, 0x15, 0x9D, 0xFF, 0x15, 0x9D, 0xFF, 0x15, 0x9D, 0xFF, 0x15, 0x9D,
    0xFF, 0x15, 0x9D, 0xFF, 0x15, 0x9D, 0xFF, 0x15, 0x9D, 0xFF, 0x15, 0x9D,
    0xFF, 0x15, 0x9D, 0xFF, 0x15, 0x9D, 0xFF, 0x15, 0x9D, 0xFE, 0x15, 0x9D,
    0xFF, 0x15, 0x9D, 0xF2, 0x14, 0x9D, 0x0A, 0xD6, 0x9C, 0x00, 0x00, 0x00,
    0x01, 0x00, 0x00, 0x00, 0x00, 0x00, 0x00, 0x00, 0x00, 0x00, 0x00, 0x00,
    0x00, 0x00, 0x00, 0x01, 0x00, 0x00, 0x00, 0x00, 0x00, 0x0A, 0xD6, 0x9C,
    0xF2, 0x14, 0x9D, 0xFF, 0x15, 0x9D, 0xFE, 0x15, 0x9D, 0xFF, 0x15, 0x9D,
    0xFF, 0x15, 0x9D, 0xFF, 0x15, 0x9D, 0xFF, 0x15, 0x9D, 0xFF, 0x15, 0x9D,
    0xFF, 0x15, 0x9D, 0xFF, 0x15, 0x9D, 0xFF, 0x15, 0x9D, 0xFF, 0x15, 0x9D,
    0xFF, 0x15, 0x9D, 0xFF, 0x15, 0x9D, 0xFF, 0xF5, 0x94, 0xFF, 0x14, 0x9D,
    0xFF, 0x15, 0x9D, 0xFF, 0x15, 0x9D, 0xFF, 0x15, 0x9D, 0xFE, 0x15, 0x9D,
    0xFF, 0x15, 0x9D, 0xF2, 0x14, 0x9D, 0x0A, 0xD6, 0x9C, 0x00, 0x00, 0x00,
    0x01, 0x00, 0x00, 0x00, 0x00, 0x00, 0x00, 0x00, 0x00, 0x00, 0x00, 0x00,
    0x00, 0x00, 0x00, 0x01, 0x00, 0x00, 0x00, 0x00, 0x00, 0x0B, 0x54, 0x8C,
    0xFF, 0x15, 0x9D, 0xFD, 0x15, 0x9D, 0xFE, 0x15, 0x9D, 0xFF, 0x15, 0x9D,
    0xFF, 0x15, 0x9D, 0xFF, 0x15, 0x9D, 0xFF, 0x15, 0x9D, 0xFF, 0x15, 0x9D,
    0xFF, 0x15, 0x9D, 0xFF, 0x15, 0x9D, 0xFF, 0x15, 0x9D, 0xFF, 0x15, 0x9D,
    0xFF, 0x14, 0x9D, 0xFF, 0xF5, 0x94, 0xFF, 0x0D, 0xDE, 0xFF, 0xB0, 0xC5,
    0xFF, 0xD6, 0x94, 0xFF, 0x14, 0x9D, 0xFF, 0x15, 0x9D, 0xFE, 0x15, 0x9D,
    0xFD, 0x15, 0x9D, 0xFF, 0x15, 0x9D, 0x0B, 0x54, 0x8C, 0x00, 0x00, 0x00,
    0x01, 0x00, 0x00, 0x00, 0x00, 0x00, 0x00, 0x00, 0x00, 0x00, 0x00, 0x00,
    0x00, 0x00, 0x00, 0x00, 0x00, 0x00, 0x03, 0x55, 0xAD, 0x04, 0xF7, 0x7B,
    0x84, 0x14, 0x9D, 0xFF, 0x76, 0xAD, 0xF8, 0x15, 0x9D, 0xFA, 0xF4, 0x9C,
    0xFA, 0x15, 0x9D, 0xFA, 0x15, 0x9D, 0xFA, 0x15, 0x9D, 0xFA, 0x15, 0x9D,
    0xFA, 0x15, 0x9D, 0xFA, 0x15, 0x9D, 0xFA, 0x15, 0x9D, 0xFA, 0x14, 0x9D,
    0xFC, 0xF5, 0x94, 0xFF, 0x34, 0xA5, 0xFA, 0x4B, 0xEE, 0xFA, 0x14, 0xA5,
    0xFA, 0xF5, 0x9C, 0xFA, 0x15, 0x9D, 0xFA, 0xF4, 0x9C, 0xF8, 0x15, 0x9D,
    0xFF, 0x76, 0xAD, 0x84, 0x14, 0x9D, 0x04, 0xF7, 0x7B, 0x03, 0x55, 0xAD,
    0x00, 0x00, 0x00, 0x00, 0x00, 0x00, 0x00, 0x00, 0x00, 0x00, 0x00, 0x00,
    0x00, 0x00, 0x00, 0x00, 0x00, 0x00, 0x00, 0x00, 0x00, 0x03, 0xAA, 0x52,
    0x00, 0x00, 0x00, 0x7C, 0x15, 0x9D, 0xFF, 0x97, 0xAD, 0xFF, 0x76, 0xA5,
    0xFF, 0x76, 0xA5, 0xFF, 0x76, 0xA5, 0xFF, 0x76, 0xA5, 0xFF, 0x76, 0xA5,
    0xFF, 0x76, 0xA5, 0xFF, 0x76, 0xA5, 0xFF, 0x76, 0xA5, 0xFF, 0x76, 0xA5,
    0xFF, 0x55, 0xA5, 0xFF, 0x6B, 0xEE, 0xFF, 0x8E, 0xEE, 0xFF, 0x38, 0x9D,
    0xFF, 0x76, 0xAD, 0xFF, 0x76, 0xA5, 0xFF, 0x76, 0xA5, 0xFF, 0x97, 0xAD,
    0x7C, 0x15, 0x9D, 0x00, 0x00, 0x00, 0x03, 0xAA, 0x52, 0x00, 0x00, 0x00,
    0x00, 0x00, 0x00, 0x00, 0x00, 0x00, 0x00, 0x00, 0x00, 0x00, 0x00, 0x00,
    0x00, 0x00, 0x00, 0x00, 0x00, 0x00, 0x00, 0x00, 0x00, 0x00, 0x00, 0x00,
    0x02, 0xEF, 0x7B, 0x00, 0x00, 0x00, 0x4F, 0xF4, 0x94, 0x53, 0x15, 0x9D,
    0x52, 0x14, 0x9D, 0x53, 0xF4, 0x9C, 0x53, 0xF4, 0x9C, 0x53, 0xF4, 0x9C,
    0x53, 0xF4, 0x9C, 0x53, 0xF4, 0x9C, 0x55, 0x14, 0x9D, 0x56, 0xF5, 0x94,
    0x93, 0x2D, 0xDE, 0xFC, 0xE8, 0xFE, 0x57, 0x2D, 0xDE, 0x53, 0xF5, 0x94,
    0x53, 0xF4, 0x9C, 0x52, 0x14, 0x9D, 0x53, 0x15, 0x9D, 0x4F, 0xF4, 0x94,
    0x00, 0x00, 0x00, 0x02, 0xEF, 0x7B, 0x00, 0x00, 0x00, 0x00, 0x00, 0x00,
    0x00, 0x00, 0x00, 0x00, 0x00, 0x00, 0x00, 0x00, 0x00, 0x00, 0x00, 0x00,
    0x00, 0x00, 0x00, 0x00, 0x00, 0x00, 0x00, 0x00, 0x00, 0x00, 0x00, 0x00,
    0x00, 0x00, 0x00, 0x03, 0x55, 0xAD, 0x00, 0x00, 0x00, 0x00, 0x00, 0x00,
    0x00, 0x00, 0x00, 0x00, 0x00, 0x00, 0x00, 0x00, 0x00, 0x00, 0x00, 0x00,
    0x00, 0x00, 0x00, 0x00, 0x00, 0x00, 0x00, 0x00, 0x00, 0x00, 0x00, 0x00,
    0xE5, 0x89, 0xFE, 0xFF, 0xAA, 0xFE, 0x00, 0x00, 0x00, 0x00, 0x00, 0x00,
    0x00, 0x00, 0x00, 0x00, 0x00, 0x00, 0x00, 0x00, 0x00, 0x00, 0x00, 0x00,
    0x03, 0x55, 0xAD, 0x00, 0x00, 0x00, 0x00, 0x00, 0x00, 0x00, 0x00, 0x00,
    0x00, 0x00, 0x00, 0x00, 0x00, 0x00, 0x00, 0x00, 0x00, 0x00, 0x00, 0x00,
    0x00, 0x00, 0x00, 0x00, 0x00, 0x00, 0x00, 0x00, 0x00, 0x00, 0x00, 0x00,
    0x00, 0x00, 0x00, 0x00, 0x00, 0x00, 0x04, 0xF7, 0x7D, 0x04, 0xF7, 0xBD,
    0x04, 0xF7, 0xBD, 0x04, 0xF7, 0xBD, 0x04, 0xF7, 0xBD, 0x04, 0xF7, 0xBD,
    0x04, 0xF7, 0xBD, 0x08, 0xEF, 0xDD, 0x0A, 0x6F, 0xE6, 0x7D, 0x8A, 0xFE,
    0xFF, 0x4A, 0xFF, 0x8D, 0x89, 0xFE, 0x11, 0x09, 0xFE, 0x1C, 0x4B, 0xEE,
    0x06, 0x4F, 0xAD, 0x04, 0xF7, 0x7B, 0x04, 0xF7, 0xBD, 0x04, 0xF7, 0x7D,
    0x00, 0x00, 0x00, 0x00, 0x00, 0x00, 0x00, 0x00, 0x00, 0x00, 0x00, 0x00,
    0x00, 0x00, 0x00, 0x00, 0x00, 0x00, 0x00, 0x00, 0x00, 0x00, 0x00, 0x00,
    0x00, 0x00, 0x00, 0x00, 0x00, 0x00, 0x00, 0x00, 0x00, 0x00, 0x00, 0x00,
    0x00, 0x00, 0x00, 0x00, 0x00, 0x00, 0x00, 0x00, 0x00, 0x00, 0x00, 0x00,
    0x00, 0x00, 0x00, 0x00, 0x00, 0x00, 0x00, 0x00, 0x00, 0x00, 0x00, 0x00,
    0x04, 0xE7, 0xFD, 0x00, 0x00, 0x00, 0x42, 0x89, 0xFE, 0xFF, 0x4A, 0xFF,
    0xFA, 0xA9, 0xFE, 0xE9, 0x89, 0xFE, 0xF2, 0xCA, 0xFE, 0xB8, 0x89, 0xFE,
    0x06, 0xEA, 0xFF, 0x01, 0xE0, 0xFF, 0x01, 0x00, 0xF8, 0x00, 0x00, 0x00,
    0x00, 0x00, 0x00, 0x00, 0x00, 0x00, 0x00, 0x00, 0x00, 0x00, 0x00, 0x00,
    0x00, 0x00, 0x00, 0x00, 0x00, 0x00, 0x00, 0x00, 0x00, 0x00, 0x00, 0x00,
    0x00, 0x00, 0x00, 0x00, 0x00, 0x00, 0x00, 0x00, 0x00, 0x00, 0x00, 0x00,
    0x00, 0x00, 0x00, 0x00, 0x00, 0x00, 0x00, 0x00, 0x00, 0x00, 0x00, 0x00,
    0x00, 0x00, 0x00, 0x00, 0x00, 0x00, 0x00, 0x00, 0x00, 0x01, 0x00, 0xF8,
    0x03, 0x4A, 0xFD, 0x0E, 0x69, 0xFF, 0xC1, 0x89, 0xFE, 0xFD, 0xC9, 0xFE,
    0xFC, 0x89, 0xFE, 0xFF, 0xA9, 0xFE, 0xFF, 0x6A, 0xFF, 0x45, 0x89, 0xFE,
    0x00, 0x00, 0x00, 0x04, 0xE7, 0xFD, 0x00, 0x00, 0x00, 0x00, 0x00, 0x00,
    0x00, 0x00, 0x00, 0x00, 0x00, 0x00, 0x00, 0x00, 0x00, 0x00, 0x00, 0x00,
    0x00, 0x00, 0x00, 0x00, 0x00, 0x00, 0x00, 0x00, 0x00, 0x00, 0x00, 0x00,
    0x00, 0x00, 0x00, 0x00, 0x00, 0x00, 0x00, 0x00, 0x00, 0x00, 0x00, 0x00,
    0x00, 0x00, 0x00, 0x00, 0x00, 0x00, 0x00, 0x00, 0x00, 0x00, 0x00, 0x00,
    0x00, 0x00, 0x00, 0x00, 0x00, 0x00, 0x00, 0x00, 0x00, 0x05, 0x66, 0xFE,
    0x00, 0x00, 0x00, 0xA2, 0x89, 0xFE, 0xFF, 0x8B, 0xFF, 0xFD, 0x89, 0xFE,
    0xFB, 0x89, 0xFE, 0xFC, 0xEA, 0xFE, 0x7A, 0xA9, 0xFE, 0x06, 0xAA, 0xFE,
    0x04, 0xE7, 0xFD, 0x00, 0x00, 0x00, 0x00, 0x00, 0x00, 0x00, 0x00, 0x00,
    0x00, 0x00, 0x00, 0x00, 0x00, 0x00, 0x00, 0x00, 0x00, 0x00, 0x00, 0x00,
    0x00, 0x00, 0x00, 0x00, 0x00, 0x00, 0x00, 0x00, 0x00, 0x00, 0x00, 0x00,
    0x00, 0x00, 0x00, 0x00, 0x00, 0x00, 0x00, 0x00, 0x00, 0x00, 0x00, 0x00,
    0x00, 0x00, 0x00, 0x00, 0x00, 0x00, 0x00, 0x00, 0x00, 0x00, 0x00, 0x00,
    0x00, 0x00, 0x00, 0x00, 0x00, 0x00, 0x03, 0x4A, 0xFD, 0x02, 0xE0, 0xFB,
    0x35, 0x69, 0xFE, 0xDC, 0xEA, 0xFE, 0xE9, 0xC9, 0xFE, 0xF3, 0x89, 0xFE,
    0xFF, 0xEA, 0xFE, 0xF3, 0x89, 0xFE, 0x00, 0x00, 0x00, 0x00, 0x00, 0x00,
    0x01, 0x00, 0xF8, 0x00, 0x00, 0x00, 0x00, 0x00, 0x00, 0x00, 0x00, 0x00,
    0x00, 0x00, 0x00, 0x00, 0x00, 0x00, 0x00, 0x00, 0x00, 0x00, 0x00, 0x00,
    0x00, 0x00, 0x00, 0x00, 0x00, 0x00, 0x00, 0x00, 0x00, 0x00, 0x00, 0x00,
    0x00, 0x00, 0x00, 0x00, 0x00, 0x00, 0x00, 0x00, 0x00, 0x00, 0x00, 0x00,
    0x00, 0x00, 0x00, 0x00, 0x00, 0x00, 0x00, 0x00, 0x00, 0x00, 0x00, 0x00,
    0x00, 0x00, 0x00, 0x00, 0x00, 0x00, 0x00, 0x00, 0x00, 0x00, 0x00, 0x00,
    0x0B, 0x88, 0xFE, 0x13, 0x8A, 0xFF, 0x26, 0x49, 0xFE, 0xC5, 0x0A, 0xFF,
    0xF0, 0x4A, 0xFF, 0x3C, 0xA9, 0xFE, 0x06, 0xAA, 0xFE, 0x03, 0x4A, 0xFD,
    0x00, 0x00, 0x00, 0x00, 0x00, 0x00, 0x00, 0x00, 0x00, 0x00, 0x00, 0x00,
    0x00, 0x00, 0x00, 0x00, 0x00, 0x00, 0x00, 0x00, 0x00, 0x00, 0x00, 0x00,
    0x00, 0x00, 0x00, 0x00, 0x00, 0x00, 0x00, 0x00, 0x00, 0x00, 0x00, 0x00,
    0x00, 0x00, 0x00, 0x00, 0x00, 0x00, 0x00, 0x00, 0x00, 0x00, 0x00, 0x00,
    0x00, 0x00, 0x00, 0x00, 0x00, 0x00, 0x00, 0x00, 0x00, 0x00, 0x00, 0x00,
    0x00, 0x00, 0x00, 0x00, 0x00, 0x00, 0x00, 0x00, 0x00, 0x00, 0x00, 0x00,
    0x02, 0xE0, 0xFF, 0x00, 0x00, 0x00, 0x4A, 0x69, 0xFE, 0xFF, 0xAB, 0xFF,
    0x34, 0x49, 0xFE, 0x00, 0x00, 0x00, 0x03, 0x40, 0xFD, 0x00, 0x00, 0x00,
    0x00, 0x00, 0x00, 0x00, 0x00, 0x00, 0x00, 0x00, 0x00, 0x00, 0x00, 0x00,
    0x00, 0x00, 0x00, 0x00, 0x00, 0x00, 0x00, 0x00, 0x00, 0x00, 0x00, 0x00,
    0x00, 0x00, 0x00, 0x00, 0x00, 0x00, 0x00, 0x00, 0x00, 0x00, 0x00, 0x00,
    0x00, 0x00, 0x00, 0x00, 0x00, 0x00, 0x00, 0x00, 0x00, 0x00, 0x00, 0x00,
    0x00, 0x00, 0x00, 0x00, 0x00, 0x00, 0x00, 0x00, 0x00, 0x00, 0x00, 0x00,
    0x00, 0x00, 0x00, 0x00, 0x00, 0x00, 0x00, 0x00, 0x00, 0x00, 0x00, 0x00,
    0x03, 0x4A, 0xFD, 0x00, 0x00, 0x00, 0x91, 0xC9, 0xFE, 0xCE, 0xA9, 0xFE,
    0x00, 0x00, 0x00, 0x03, 0xEA, 0xFF, 0x00, 0x00, 0x00, 0x00, 0x00, 0x00,
    0x00, 0x00, 0x00, 0x00, 0x00, 0x00, 0x00, 0x00, 0x00, 0x00, 0x00, 0x00,
    0x00, 0x00, 0x00, 0x00, 0x00, 0x00, 0x00, 0x00, 0x00, 0x00, 0x00, 0x00,
    0x00, 0x00, 0x00, 0x00, 0x00, 0x00, 0x00, 0x00, 0x00, 0x00, 0x00, 0x00,
    0x00, 0x00, 0x00, 0x00, 0x00, 0x00, 0x00, 0x00, 0x00, 0x00, 0x00, 0x00,
    0x00, 0x00, 0x00, 0x00, 0x00, 0x00, 0x00, 0x00, 0x00, 0x00, 0x00, 0x00,
    0x00, 0x00, 0x00, 0x00, 0x00, 0x00, 0x00, 0x00, 0x00, 0x01, 0x00, 0xF8,
    0x00, 0x00, 0x00, 0x1C, 0x8A, 0xFE, 0xDA, 0xA9, 0xFE, 0x0E, 0x49, 0xFE,
    0x05, 0x66, 0xFE, 0x02, 0xE0, 0xFB, 0x00, 0x00, 0x00, 0x00, 0x00, 0x00,
    0x00, 0x00, 0x00, 0x00, 0x00, 0x00, 0x00, 0x00, 0x00, 0x00, 0x00, 0x00,
    0x00, 0x00, 0x00, 0x00, 0x00, 0x00, 0x00, 0x00, 0x00, 0x00, 0x00, 0x00,
    0x00, 0x00, 0x00, 0x00, 0x00, 0x00, 0x00, 0x00, 0x00, 0x00, 0x00, 0x00,
    0x00, 0x00, 0x00, 0x00, 0x00, 0x00, 0x00, 0x00, 0x00, 0x00, 0x00, 0x00,
    0x00, 0x00, 0x00, 0x00, 0x00, 0x00, 0x00, 0x00, 0x00, 0x00, 0x00, 0x00,
    0x00, 0x00, 0x00, 0x00, 0x00, 0x00, 0x00, 0x00, 0x00, 0x05, 0x66, 0xFE,
    0x00, 0x00, 0x00, 0xBE, 0x89, 0xFE, 0x82, 0x89, 0xFE, 0x00, 0x00, 0x00,
    0x04, 0xE7, 0xFD, 0x00, 0x00, 0x00, 0x00, 0x00, 0x00, 0x00, 0x00, 0x00,
    0x00, 0x00, 0x00, 0x00, 0x00, 0x00, 0x00, 0x00, 0x00, 0x00, 0x00, 0x00,
    0x00, 0x00, 0x00, 0x00, 0x00, 0x00, 0x00, 0x00, 0x00, 0x00, 0x00, 0x00,
    0x00, 0x00, 0x00, 0x00, 0x00, 0x00, 0x00, 0x00, 0x00, 0x00, 0x00, 0x00,
    0x00, 0x00, 0x00, 0x00, 0x00, 0x00, 0x00, 0x00, 0x00, 0x00, 0x00, 0x00,
    0x00, 0x00, 0x00, 0x00, 0x00, 0x00, 0x00, 0x00, 0x00, 0x00, 0x00, 0x00,
    0x00, 0x00, 0x00, 0x00, 0x00, 0x00, 0x00, 0x00, 0x00, 0x01, 0xE0, 0xFF,
    0x00, 0x00, 0x00, 0x34, 0x89, 0xFE, 0x00, 0x00, 0x00, 0x01, 0xE0, 0xFF,
    0x00, 0x00, 0x00, 0x00, 0x00, 0x00, 0x00, 0x00, 0x00, 0x00, 0x00, 0x00,
    0x00, 0x00, 0x00, 0x00, 0x00, 0x00, 0x00, 0x00, 0x00, 0x00, 0x00, 0x00,
    0x00, 0x00, 0x00, 0x00, 0x00, 0x00, 0x00, 0x00, 0x00, 0x00, 0x00, 0x00,
    0x00, 0x00, 0x00, 0x00, 0x00, 0x00, 0x00, 0x00, 0x00, 0x00, 0x00, 0x00,
    0x00, 0x00, 0x00, 0x00, 0x00, 0x00, 0x00, 0x00, 0x00, 0x00, 0x00, 0x00,
    0x00, 0x00, 0x00, 0x00, 0x00, 0x00, 0x00, 0x00, 0x00, 0x00, 0x00, 0x00,
    0x00, 0x00, 0x00, 0x00, 0x00, 0x00, 0x00, 0x00, 0x00, 0x00, 0x00, 0x00,
    0x00, 0x00, 0x00, 0x00, 0x00, 0x00, 0x01, 0xE0, 0xFF, 0x00, 0x00, 0x00,
    0x00, 0x00, 0x00, 0x00, 0x00, 0x00, 0x00, 0x00, 0x00, 0x00, 0x00, 0x00,
    0x00, 0x00, 0x00, 0x00, 0x00, 0x00, 0x00, 0x00, 0x00, 0x00, 0x00, 0x00,
    0x00, 0x00, 0x00, 0x00, 0x00, 0x00, 0x00, 0x00, 0x00, 0x00, 0x00, 0x00,
    0x00, 0x00, 0x00, 0x00, 0x00, 0x00, 0x00, 0x00, 0x00, 0x00, 0x00, 0x00,
    0x00, 0x00, 0x00, 0x00, 0x00, 0x00, 0x00, 0x00, 0x00, 0x00, 0x00, 0x00,
    0x00, 0x00, 0x00, 0x00, 0x00, 0x00, 0x00, 0x00, 0x00, 0x00, 0x00, 0x00,
    0x00, 0x00, 0x00, 0x00, 0x00, 0x00, 0x00, 0x00, 0x00, 0x00, 0x00, 0x00,
    0x00, 0x00, 0x00, 0x03, 0x4A, 0xFD, 0x00, 0x00, 0x00, 0x00, 0x00, 0x00,
    0x00, 0x00, 0x00, 0x00, 0x00, 0x00, 0x00, 0x00, 0x00, 0x00, 0x00, 0x00,
    0x00, 0x00, 0x00, 0x00, 0x00, 0x00, 0x00, 0x00, 0x00, 0x00, 0x00, 0x00,
    0x00, 0x00, 0x00, 0x00, 0x00, 0x00, 0x00, 0x00, 0x00, 0x00, 0x00, 0x00,
    0x00, 0x00, 0x00, 0x00, 0x00, 0x00, 0x00, 0x00, 0x00, 0x00, 0x00, 0x00,
};
static const lv_image_dsc_t weather_icon_storm = {
    .header = {.magic = LV_IMAGE_HEADER_MAGIC, .cf = LV_COLOR_FORMAT_ARGB8565, .w = 32, .h = 32, .stride = 96},
    .data_size = 3072,
    .data = weather_icon_storm_data,
};

/* snow */
static const uint8_t weather_icon_snow_data[] = {
    0x00, 0x00, 0x00, 0x00, 0x00, 0x00, 0x00, 0x00, 0x00, 0x00, 0x00, 0x00,
    0x00, 0x00, 0x00, 0x00, 0x00, 0x00, 0x00, 0x00, 0x00, 0x00, 0x00, 0x00,
    0x00, 0x00, 0x00, 0x00, 0x00, 0x00, 0x00, 0x00, 0x00, 0x00, 0x00, 0x00,
    0x00, 0x00, 0x00, 0x00, 0x00, 0x00, 0x02, 0xEF, 0x7B, 0x00, 0x00, 0x00,
    0x00, 0x00, 0x00, 0x00, 0x00, 0x00, 0x00, 0x00, 0x00, 0x00, 0x00, 0x00,
    0x02, 0xFF, 0xFF, 0x00, 0x00, 0x00, 0x00, 0x00, 0x00, 0x00, 0x00, 0x00,
    0x00, 0x00, 0x00, 0x00, 0x00, 0x00, 0x00, 0x00, 0x00, 0x00, 0x00, 0x00,
    0x00, 0x00, 0x00, 0x00, 0x00, 0x00, 0x00, 0x00, 0x00, 0x00, 0x00, 0x00,
    0x00, 0x00, 0x00, 0x00, 0x00, 0x00, 0x00, 0x00, 0x00, 0x00, 0x00, 0x00,
    0x00, 0x00, 0x00, 0x00, 0x00, 0x00, 0x00, 0x00, 0x00, 0x00, 0x00, 0x00,
    0x00, 0x00, 0x00, 0x00, 0x00, 0x00, 0x00, 0x00, 0x00, 0x01, 0xFF, 0xFF,
    0x01, 0xFF, 0xFF, 0x03, 0x55, 0xAD, 0x00, 0x00, 0x00, 0x10, 0x7F, 0xEF,
    0xA1, 0x5A, 0xC6, 0xAA, 0xFC, 0xDE, 0x77, 0x5A, 0xC6, 0x09, 0x55, 0xAD,
    0x00, 0x00, 0x00, 0x02, 0xFF, 0x7F, 0x00, 0x00, 0x00, 0x00, 0x00, 0x00,
    0x00, 0x00, 0x00, 0x00, 0x00, 0x00, 0x00, 0x00, 0x00, 0x00, 0x00, 0x00,
    0x00, 0x00, 0x00, 0x00, 0x00, 0x00, 0x00, 0x00, 0x00, 0x00, 0x00, 0x00,
    0x00, 0x00, 0x00, 0x00, 0x00, 0x00, 0x00, 0x00, 0x00, 0x00, 0x00, 0x00,
    0x00, 0x00, 0x00, 0x00, 0x00, 0x00, 0x00, 0x00, 0x00, 0x00, 0x00, 0x00,
    0x00, 0x00, 0x00, 0x00, 0x00, 0x00, 0x02, 0xEF, 0x7B, 0x00, 0x00, 0x00,
    0x00, 0x00, 0x00, 0x00, 0x00, 0x00, 0x84, 0x5A, 0xC6, 0xF7, 0xBC, 0xD6,
    0xFF, 0xBC, 0xD6, 0xFF, 0xFC, 0xDE, 0xFF, 0xBB, 0xD6, 0xEF, 0x9B, 0xCE,
    0x38, 0x5A, 0xC6, 0x00, 0x00, 0x00, 0x03, 0x55, 0xAD, 0x00, 0x00, 0x00,
    0x00, 0x00, 0x00, 0x00, 0x00, 0x00, 0x00, 0x00, 0x00, 0x00, 0x00, 0x00,
    0x00, 0x00, 0x00, 0x00, 0x00, 0x00, 0x00, 0x00, 0x00, 0x00, 0x00, 0x00,
    0x00, 0x00, 0x00, 0x00, 0x00, 0x00, 0x00, 0x00, 0x00, 0x00, 0x00, 0x00,
    0x00, 0x00, 0x00, 0x00, 0x00, 0x00, 0x00, 0x00, 0x00, 0x00, 0x00, 0x00,
    0x01, 0x00, 0x00, 0x03, 0x55, 0xAD, 0x00, 0x00, 0x00, 0x0E, 0xDD, 0xDE,
    0x0A, 0x79, 0xB6, 0x7C, 0x5A, 0xC6, 0xFF, 0xFC, 0xDE, 0xFF, 0x7A, 0xCE,
    0xFB, 0x7A, 0xCE, 0xFB, 0x5A, 0xC6, 0xFC, 0x5A, 0xC6, 0xFF, 0x9B, 0xCE,
    0xF1, 0xBB, 0xD6, 0x3F, 0x5A, 0xC6, 0x05, 0x7F, 0xCE, 0x03, 0x55, 0xAD,
    0x00, 0x00, 0x00, 0x00, 0x00, 0x00, 0x00, 0x00, 0x00, 0x00, 0x00, 0x00,
    0x00, 0x00, 0x00, 0x00, 0x00, 0x00, 0x00, 0x00, 0x00, 0x00, 0x00, 0x00,
    0x00, 0x00, 0x00, 0x00, 0x00, 0x00, 0x00, 0x00, 0x00, 0x00, 0x00, 0x00,
    0x00, 0x00, 0x00, 0x00, 0x00, 0x00, 0x00, 0x00, 0x00, 0x00, 0x00, 0x00,
    0x04, 0xF7, 0xBD, 0x00, 0x00, 0x00, 0x83, 0x5A, 0xC6, 0xF5, 0xDC, 0xD6,
    0xF1, 0x7A, 0xC6, 0xFF, 0x9B, 0xCE, 0xFC, 0x7A, 0xCE, 0xFE, 0x5A, 0xC6,
    0xFF, 0x7A, 0xCE, 0xFF, 0x7A, 0xCE, 0xFF, 0x7A, 0xCE, 0xFD, 0x5A, 0xC6,
    0xFF, 0x9B, 0xCE, 0xF4, 0x5A, 0xC6, 0x00, 0x00, 0x00, 0x00, 0x00, 0x00,
    0x01, 0x00, 0x00, 0x00, 0x00, 0x00, 0x00, 0x00, 0x00, 0x00, 0x00, 0x00,
    0x00, 0x00, 0x00, 0x00, 0x00, 0x00, 0x00, 0x00, 0x00, 0x00, 0x00, 0x00,
    0x00, 0x00, 0x00, 0x00, 0x00, 0x00, 0x00, 0x00, 0x00, 0x00, 0x00, 0x00,
    0x00, 0x00, 0x00, 0x00, 0x00, 0x00, 0x00, 0x00, 0x00, 0x03, 0x55, 0xAD,
    0x00, 0x00, 0x00, 0x7C, 0x7A, 0xCE, 0xFF, 0xFC, 0xDE, 0xFF, 0x7A, 0xCE,
    0xFF, 0x7A, 0xCE, 0xFD, 0x7A, 0xCE, 0xFF, 0x5A, 0xC6, 0xFF, 0x7A, 0xCE,
    0xFF, 0x7A, 0xCE, 0xFF, 0x7A, 0xCE, 0xFF, 0x7A, 0xCE, 0xFF, 0x7A, 0xCE,
    0xFB, 0x7A, 0xCE, 0xFC, 0xBB, 0xD6, 0x78, 0x7A, 0xC6, 0x00, 0x00, 0x00,
    0x04, 0xF7, 0xBD, 0x00, 0x00, 0x00, 0x00, 0x00, 0x00, 0x00, 0x00, 0x00,
    0x00, 0x00, 0x00, 0x00, 0x00, 0x00, 0x00, 0x00, 0x00, 0x00, 0x00, 0x00,
    0x00, 0x00, 0x00, 0x00, 0x00, 0x00, 0x00, 0x00, 0x00, 0x00, 0x00, 0x00,
    0x00, 0x00, 0x00, 0x00, 0x00, 0x00, 0x03, 0x55, 0xAD, 0x04, 0xF7, 0xBD,
    0x84, 0x7A, 0xCE, 0xFF, 0xFC, 0xDE, 0xF9, 0x7A, 0xCE, 0xFE, 0x5A, 0xC6,
    0xFE, 0x5A, 0xC6, 0xFF, 0x7A, 0xCE, 0xFF, 0x7A, 0xCE, 0xFF, 0x7A, 0xCE,
    0xFF, 0x7A, 0xCE, 0xFF, 0x7A, 0xCE, 0xFF, 0x7A, 0xCE, 0xFF, 0x7A, 0xCE,
    0xFB, 0x7A, 0xCE, 0xFF, 0xFC, 0xD6, 0xB8, 0x5A, 0xC6, 0x00, 0x00, 0x00,
    0x05, 0x79, 0xCE, 0x00, 0x00, 0x00, 0x00, 0x00, 0x00, 0x00, 0x00, 0x00,
    0x00, 0x00, 0x00, 0x00, 0x00, 0x00, 0x00, 0x00, 0x00, 0x00, 0x00, 0x00,
    0x00, 0x00, 0x00, 0x00, 0x00, 0x00, 0x00, 0x00, 0x00, 0x00, 0x00, 0x00,
    0x00, 0x00, 0x00, 0x01, 0x00, 0x00, 0x00, 0x00, 0x00, 0x0B, 0x9C, 0xD6,
    0xFF, 0x9A, 0xCE, 0xFD, 0x7A, 0xCE, 0xFE, 0x7A, 0xCE, 0xFF, 0x7A, 0xCE,
    0xFF, 0x7A, 0xCE, 0xFF, 0x7A, 0xCE, 0xFF, 0x7A, 0xCE, 0xFF, 0x7A, 0xCE,
    0xFF, 0x7A, 0xCE, 0xFF, 0x7A, 0xCE, 0xFF, 0x7A, 0xCE, 0xFF, 0x7A, 0xCE,
    0xFB, 0x7A, 0xCE, 0xFF, 0xDC, 0xD6, 0xAA, 0x7A, 0xC6, 0x01, 0x00, 0x00,
    0x05, 0x79, 0xCE, 0x00, 0x00, 0x00, 0x00, 0x00, 0x00, 0x00, 0x00, 0x00,
    0x00, 0x00, 0x00, 0x00, 0x00, 0x00, 0x00, 0x00, 0x00, 0x00, 0x00, 0x00,
    0x00, 0x00, 0x00, 0x00, 0x00, 0x00, 0x00, 0x00, 0x00, 0x00, 0x00, 0x00,
    0x00, 0x00, 0x00, 0x01, 0x00, 0x00, 0x01, 0xFF, 0xFF, 0x09, 0x1F, 0xE7,
    0xF2, 0x5A, 0xC6, 0xFF, 0x7A, 0xCE, 0xFE, 0x7A, 0xCE, 0xFF, 0x7A, 0xCE,
    0xFF, 0x7A, 0xCE, 0xFF, 0x7A, 0xCE, 0xFF, 0x7A, 0xCE, 0xFF, 0x7A, 0xCE,
    0xFF, 0x7A, 0xCE, 0xFF, 0x7A, 0xCE, 0xFF, 0x7A, 0xCE, 0xFF, 0x7A, 0xCE,
    0xFB, 0x7A, 0xCE, 0xFF, 0xDC, 0xD6, 0xAB, 0x7A, 0xC6, 0x00, 0x00, 0x00,
    0x08, 0xF7, 0xBD, 0x00, 0x00, 0x00, 0x00, 0x00, 0x00, 0x00, 0x00, 0x00,
    0x00, 0x00, 0x00, 0x00, 0x00, 0x00, 0x00, 0x00, 0x00, 0x00, 0x00, 0x00,
    0x00, 0x00, 0x00, 0x00, 0x00, 0x00, 0x00, 0x00, 0x00, 0x00, 0x00, 0x00,
    0x00, 0x00, 0x00, 0x02, 0xEF, 0x7B, 0x00, 0x00, 0x00, 0x0B, 0x17, 0xA5,
    0xF6, 0x7A, 0xCE, 0xFF, 0x7A, 0xCE, 0xFE, 0x7A, 0xCE, 0xFF, 0x7A, 0xCE,
    0xFF, 0x7A, 0xCE, 0xFF, 0x7A, 0xCE, 0xFF, 0x7A, 0xCE, 0xFF, 0x7A, 0xCE,
    0xFF, 0x7A, 0xCE, 0xFF, 0x7A, 0xCE, 0xFF, 0x7A, 0xCE, 0xFF, 0x7A, 0xCE,
    0xFB, 0x7A, 0xCE, 0xFF, 0xDC, 0xD6, 0xB0, 0x7A, 0xC6, 0x09, 0x55, 0xAD,
    0x00, 0x00, 0x00, 0x02, 0xFF, 0x7F, 0x00, 0x00, 0x00, 0x00, 0x00, 0x00,
    0x00, 0x00, 0x00, 0x00, 0x00, 0x00, 0x00, 0x00, 0x00, 0x00, 0x00, 0x00,
    0x00, 0x00, 0x00, 0x00, 0x00, 0x00, 0x00, 0x00, 0x00, 0x00, 0x00, 0x00,
    0x02, 0xEF, 0x7B, 0x00, 0x00, 0x00, 0x0D, 0x3A, 0xC6, 0xC0, 0xBB, 0xD6,
    0xFD, 0xBB, 0xD6, 0xFC, 0x7A, 0xCE, 0xFF, 0x7A, 0xCE, 0xFF, 0x7A, 0xCE,
    0xFF, 0x7A, 0xCE, 0xFF, 0x7A, 0xCE, 0xFF, 0x7A, 0xCE, 0xFF, 0x7A, 0xCE,
    0xFF, 0x7A, 0xCE, 0xFF, 0x7A, 0xCE, 0xFF, 0x7A, 0xCE, 0xFF, 0x7A, 0xCE,
    0xFF, 0x7A, 0xCE, 0xFE, 0x7A, 0xCE, 0xFA, 0x7A, 0xCE, 0xEF, 0x9B, 0xCE,
    0x37, 0x3A, 0xC6, 0x00, 0x00, 0x00, 0x03, 0x55, 0xAD, 0x00, 0x00, 0x00,
    0x00, 0x00, 0x00, 0x00, 0x00, 0x00, 0x00, 0x00, 0x00, 0x00, 0x00, 0x00,
    0x00, 0x00, 0x00, 0x00, 0x00, 0x00, 0x00, 0x00, 0x00, 0x01, 0x00, 0x00,
    0x02, 0xEF, 0x7B, 0x0D, 0x3A, 0xC6, 0xC8, 0x7A, 0xCE, 0xFF, 0xDC, 0xD6,
    0xFC, 0x5A, 0xC6, 0xFF, 0x7A, 0xCE, 0xFF, 0x7A, 0xCE, 0xFF, 0x7A, 0xCE,
    0xFF, 0x7A, 0xCE, 0xFF, 0x7A, 0xCE, 0xFF, 0x7A, 0xCE, 0xFF, 0x7A, 0xCE,
    0xFF, 0x7A, 0xCE, 0xFF, 0x7A, 0xCE, 0xFF, 0x7A, 0xCE, 0xFF, 0x7A, 0xCE,
    0xFF, 0x7A, 0xCE, 0xFF, 0x7A, 0xCE, 0xFE, 0x5A, 0xC6, 0xFF, 0x9B, 0xCE,
    0xF1, 0xBC, 0xD6, 0x3F, 0x5A, 0xC6, 0x02, 0xFF, 0xFF, 0x03, 0x55, 0xAD,
    0x00, 0x00, 0x00, 0x00, 0x00, 0x00, 0x00, 0x00, 0x00, 0x00, 0x00, 0x00,
    0x00, 0x00, 0x00, 0x00, 0x00, 0x00, 0x00, 0x00, 0x00, 0x05, 0x79, 0xCE,
    0x00, 0x00, 0x00, 0xA6, 0x7A, 0xC6, 0xFF, 0x1D, 0xDF, 0xF9, 0x5A, 0xC6,
    0xFF, 0x7A, 0xCE, 0xFF, 0x7A, 0xCE, 0xFF, 0x7A, 0xCE, 0xFF, 0x7A, 0xCE,
    0xFF, 0x7A, 0xCE, 0xFF, 0x7A, 0xCE, 0xFF, 0x7A, 0xCE, 0xFF, 0x7A, 0xCE,
    0xFF, 0x7A, 0xCE, 0xFF, 0x7A, 0xCE, 0xFF, 0x7A, 0xCE, 0xFF, 0x7A, 0xCE,
    0xFF, 0x7A, 0xCE, 0xFF, 0x7A, 0xCE, 0xFF, 0x7A, 0xCE, 0xFD, 0x5A, 0xC6,
    0xFF, 0x9B, 0xCE, 0xF4, 0x5A, 0xCE, 0x09, 0x3C, 0xC6, 0x00, 0x00, 0x00,
    0x01, 0x00, 0x00, 0x00, 0x00, 0x00, 0x00, 0x00, 0x00, 0x00, 0x00, 0x00,
    0x00, 0x00, 0x00, 0x00, 0x00, 0x00, 0x00, 0x00, 0x00, 0x05, 0x79, 0xCE,
    0x00, 0x00, 0x00, 0xAE, 0x5A, 0xC6, 0xFC, 0xDC, 0xD6, 0xFB, 0x7A, 0xCE,
    0xFF, 0x7A, 0xCE, 0xFF, 0x7A, 0xCE, 0xFF, 0x7A, 0xCE, 0xFF, 0x7A, 0xCE,
    0xFF, 0x7A, 0xCE, 0xFF, 0x7A, 0xCE, 0xFF, 0x7A, 0xCE, 0xFF, 0x7A, 0xCE,
    0xFF, 0x7A, 0xCE, 0xFF, 0x7A, 0xCE, 0xFF, 0x7A, 0xCE, 0xFF, 0x7A, 0xCE,
    0xFF, 0x7A, 0xCE, 0xFF, 0x7A, 0xCE, 0xFF, 0x7A, 0xCE, 0xFE, 0x7A, 0xCE,
    0xFE, 0x7A, 0xCE, 0xF6, 0x7A, 0xC6, 0x0A, 0x7C, 0xCE, 0x00, 0x00, 0x00,
    0x01, 0x00, 0x00, 0x00, 0x00, 0x00, 0x00, 0x00, 0x00, 0x00, 0x00, 0x00,
    0x00, 0x00, 0x00, 0x00, 0x00, 0x00, 0x00, 0x00, 0x00, 0x05, 0x79, 0xCE,
    0x00, 0x00, 0x00, 0xA9, 0x7A, 0xCE, 0xFF, 0xDC, 0xD6, 0xFB, 0x7A, 0xCE,
    0xFF, 0x7A, 0xCE, 0xFF, 0x7A, 0xCE, 0xFF, 0x7A, 0xCE, 0xFF, 0x7A, 0xCE,
    0xFF, 0x7A, 0xCE, 0xFF, 0x7A, 0xCE, 0xFF, 0x7A, 0xCE, 0xFF, 0x7A, 0xCE,
    0xFF, 0x7A, 0xCE, 0xFF, 0x7A, 0xCE, 0xFF, 0x7A, 0xCE, 0xFF, 0x7A, 0xCE,
    0xFF, 0x7A, 0xCE, 0xFF, 0x7A, 0xCE, 0xFF, 0x7A, 0xCE, 0xFE, 0x7A, 0xCE,
    0xFF, 0x7A, 0xCE, 0xF2, 0x7A, 0xCE, 0x0A, 0x7C, 0xCE, 0x00, 0x00, 0x00,
    0x01, 0x00, 0x00, 0x00, 0x00, 0x00, 0x00, 0x00, 0x00, 0x00, 0x00, 0x00,
    0x00, 0x00, 0x00, 0x00, 0x00, 0x00, 0x00, 0x00, 0x00, 0x05, 0x79, 0xCE,
    0x00, 0x00, 0x00, 0xB7, 0x7A, 0xCE, 0xFC, 0xFC, 0xD6, 0xFB, 0x7A, 0xCE,
    0xFF, 0x7A, 0xCE, 0xFF, 0x7A, 0xCE, 0xFF, 0x7A, 0xCE, 0xFF, 0x7A, 0xCE,
    0xFF, 0x7A, 0xCE, 0xFF, 0x7A, 0xCE, 0xFF, 0x7A, 0xCE, 0xFF, 0x7A, 0xCE,
    0xFF, 0x7A, 0xCE, 0xFF, 0x7A, 0xCE, 0xFF, 0x7A, 0xCE, 0xFF, 0x7A, 0xCE,
    0xFF, 0x7A, 0xCE, 0xFF, 0x7A, 0xCE, 0xFF, 0x7A, 0xCE, 0xFE, 0x7A, 0xCE,
    0xFD, 0x7A, 0xCE, 0xFF, 0x7A, 0xCE, 0x0B, 0x9C, 0xD6, 0x00, 0x00, 0x00,
    0x01, 0x00, 0x00, 0x00, 0x00, 0x00, 0x00, 0x00, 0x00, 0x00, 0x00, 0x00,
    0x00, 0x00, 0x00, 0x00, 0x00, 0x00, 0x00, 0x00, 0x00, 0x04, 0xF7, 0xBD,
    0x00, 0x00, 0x00, 0x78, 0x7A, 0xC6, 0xFF, 0xFC, 0xDE, 0xFB, 0x5A, 0xC6,
    0xFB, 0x7A, 0xCE, 0xFB, 0x7A, 0xCE, 0xFB, 0x7A, 0xCE, 0xFB, 0x7A, 0xCE,
    0xFB, 0x7A, 0xCE, 0xFB, 0x7A, 0xCE, 0xFB, 0x7A, 0xCE, 0xFB, 0x7A, 0xCE,
    0xFB, 0x7A, 0xCE, 0xFB, 0x7A, 0xCE, 0xFB, 0x7A, 0xCE, 0xFB, 0x7A, 0xCE,
    0xFB, 0x7A, 0xCE, 0xFB, 0x7A, 0xCE, 0xFB, 0x7A, 0xCE, 0xF8, 0x5A, 0xC6,
    0xFF, 0xDC, 0xD6, 0xC7, 0x5A, 0xC6, 0x06, 0xBF, 0xD6, 0x02, 0xEF, 0x7B,
    0x01, 0x00, 0x00, 0x00, 0x00, 0x00, 0x00, 0x00, 0x00, 0x00, 0x00, 0x00,
    0x00, 0x00, 0x00, 0x00, 0x00, 0x00, 0x00, 0x00, 0x00, 0x00, 0x00, 0x00,
    0x03, 0x55, 0xAD, 0x00, 0x00, 0x00, 0x83, 0x5A, 0xC6, 0xFF, 0xFD, 0xDE,
    0xFF, 0xDC, 0xD6, 0xFF, 0xDC, 0xD6, 0xFF, 0xDC, 0xD6, 0xFF, 0xDC, 0xD6,
    0xFF, 0xDC, 0xD6, 0xFF, 0xDC, 0xD6, 0xFF, 0xDC, 0xD6, 0xFF, 0xDC, 0xD6,
    0xFF, 0xDC, 0xD6, 0xFF, 0xDC, 0xD6, 0xFF, 0xDC, 0xD6, 0xFF, 0xDC, 0xD6,
    0xFF, 0xDC, 0xD6, 0xFF, 0xDC, 0xD6, 0xFF, 0xDC, 0xD6, 0xFF, 0x1D, 0xDF,
    0xC1, 0xBB, 0xD6, 0x0E, 0x59, 0xCE, 0x02, 0xFF, 0xFF, 0x02, 0xEF, 0x7B,
    0x00, 0x00, 0x00, 0x00, 0x00, 0x00, 0x00, 0x00, 0x00, 0x00, 0x00, 0x00,
    0x00, 0x00, 0x00, 0x00, 0x00, 0x00, 0x00, 0x00, 0x00, 0x00, 0x00, 0x00,
    0x01, 0x00, 0x00, 0x06, 0x55, 0xAD, 0x00, 0x00, 0x00, 0x7C, 0x9A, 0xCE,
    0xAF, 0xDC, 0xD6, 0xAA, 0x7A, 0xC6, 0xAC, 0x7A, 0xCE, 0xAC, 0x7A, 0xCE,
    0xAC, 0x7A, 0xCE, 0xAC, 0x7A, 0xCE, 0xAC, 0x7A, 0xCE, 0xAC, 0x7A, 0xCE,
    0xAC, 0x7A, 0xCE, 0xAC, 0x7A, 0xCE, 0xAC, 0x7A, 0xCE, 0xAC, 0x7A, 0xCE,
    0xAC, 0x7A, 0xCE, 0xAE, 0x7A, 0xCE, 0xB0, 0x7A, 0xCE, 0xA8, 0x7A, 0xCE,
    0x07, 0x96, 0x94, 0x00, 0x00, 0x00, 0x01, 0xFF, 0xFF, 0x00, 0x00, 0x00,
    0x00, 0x00, 0x00, 0x00, 0x00, 0x00, 0x00, 0x00, 0x00, 0x00, 0x00, 0x00,
    0x00, 0x00, 0x00, 0x00, 0x00, 0x00, 0x00, 0x00, 0x00, 0x00, 0x00, 0x00,
    0x00, 0x00, 0x00, 0x00, 0x00, 0x00, 0x00, 0x00, 0x00, 0x00, 0x00, 0x00,
    0x00, 0x00, 0x00, 0x00, 0x00, 0x00, 0x00, 0x00, 0x00, 0x00, 0x00, 0x00,
    0x00, 0x00, 0x00, 0x00, 0x00, 0x00, 0x00, 0x00, 0x00, 0x00, 0x00, 0x00,
    0x00, 0x00, 0x00, 0x00, 0x00, 0x00, 0x00, 0x00, 0x00, 0x00, 0x00, 0x00,
    0x00, 0x00, 0x00, 0x00, 0x00, 0x00, 0x00, 0x00, 0x00, 0x00, 0x00, 0x00,
    0x00, 0x00, 0x00, 0x01, 0xFF, 0xFF, 0x00, 0x00, 0x00, 0x00, 0x00, 0x00,
    0x00, 0x00, 0x00, 0x00, 0x00, 0x00, 0x00, 0x00, 0x00, 0x00, 0x00, 0x00,
    0x00, 0x00, 0x00, 0x00, 0x00, 0x00, 0x00, 0x00, 0x00, 0x00, 0x00, 0x00,
    0x02, 0xFF, 0xFF, 0x00, 0x00, 0x00, 0x0C, 0x5F, 0xEF, 0x56, 0xFF, 0xFF,
    0x34, 0x1D, 0xDF, 0x00, 0x00, 0x00, 0x07, 0xBB, 0xB5, 0x04, 0xFF, 0xBD,
    0x05, 0x79, 0xCE, 0x02, 0xEF, 0x7B, 0x00, 0x00, 0x00, 0x00, 0x00, 0x00,
    0x02, 0xEF, 0x7B, 0x05, 0x79, 0xCE, 0x04, 0xFF, 0xBD, 0x07, 0xBB, 0xB5,
    0x00, 0x00, 0x00, 0x34, 0x1D, 0xDF, 0x58, 0xFF, 0xFF, 0x11, 0x1C, 0xD7,
    0x00, 0x00, 0x00, 0x02, 0xFF, 0xFF, 0x00, 0x00, 0x00, 0x00, 0x00, 0x00,
    0x00, 0x00, 0x00, 0x00, 0x00, 0x00, 0x00, 0x00, 0x00, 0x00, 0x00, 0x00,
    0x00, 0x00, 0x00, 0x00, 0x00, 0x00, 0x00, 0x00, 0x00, 0x01, 0xFF, 0xFF,
    0x02, 0xFF, 0xFF, 0x07, 0xFF, 0xDF, 0xC2, 0x5E, 0xEF, 0xFF, 0xFF, 0xFF,
    0xEF, 0xDF, 0xF7, 0x37, 0x7D, 0xE7, 0x02, 0xFF, 0xFF, 0x04, 0xF7, 0xBD,
    0x00, 0x00, 0x00, 0x0D, 0x5D, 0xEF, 0xA8, 0x7E, 0xEF, 0xA8, 0x7E, 0xEF,
    0x0D, 0x5D, 0xEF, 0x00, 0x00, 0x00, 0x04, 0xF7, 0xBD, 0x03, 0x5F, 0xAD,
    0x37, 0x7D, 0xE7, 0xEF, 0xDF, 0xF7, 0xFF, 0xFF, 0xFF, 0xC2, 0x5E, 0xEF,
    0x07, 0xFF, 0xDF, 0x02, 0xFF, 0xFF, 0x01, 0xFF, 0xFF, 0x00, 0x00, 0x00,
    0x00, 0x00, 0x00, 0x00, 0x00, 0x00, 0x00, 0x00, 0x00, 0x00, 0x00, 0x00,
    0x00, 0x00, 0x00, 0x00, 0x00, 0x00, 0x00, 0x00, 0x00, 0x01, 0xFF, 0xFF,
    0x00, 0x00, 0x00, 0x0C, 0xFF, 0xD7, 0xFF, 0xDF, 0xF7, 0xFB, 0x5D, 0xE7,
    0xFF, 0xFF, 0xFF, 0x60, 0x7D, 0xE7, 0x01, 0xFF, 0xFF, 0x06, 0xBA, 0xD6,
    0x00, 0x00, 0x00, 0xAA, 0x5E, 0xEF, 0xFF, 0xFF, 0xFF, 0xFF, 0xFF, 0xFF,
    0xA8, 0x5E, 0xEF, 0x03, 0x55, 0xAD, 0x07, 0xDB, 0xDE, 0x00, 0x00, 0x00,
    0x62, 0x7D, 0xE7, 0xFF, 0xFF, 0xFF, 0xFB, 0x5D, 0xE7, 0xFF, 0xDF, 0xF7,
    0x0C, 0xFF, 0xD7, 0x00, 0x00, 0x00, 0x01, 0xFF, 0xFF, 0x00, 0x00, 0x00,
    0x00, 0x00, 0x00, 0x00, 0x00, 0x00, 0x00, 0x00, 0x00, 0x00, 0x00, 0x00,
    0x00, 0x00, 0x00, 0x00, 0x00, 0x00, 0x00, 0x00, 0x00, 0x00, 0x00, 0x00,
    0x03, 0xFF, 0xFF, 0x03, 0xFF, 0xFF, 0x7F, 0x5E, 0xE7, 0xF4, 0xDF, 0xF7,
    0xBC, 0xBF, 0xF7, 0x19, 0x5D, 0xE7, 0x00, 0x00, 0x00, 0x11, 0xFF, 0xFF,
    0x00, 0x00, 0x00, 0xA1, 0x5E, 0xEF, 0xFF, 0xFF, 0xFF, 0xFF, 0xFF, 0xFF,
    0xA8, 0x5E, 0xEF, 0x00, 0x00, 0x00, 0x10, 0x7B, 0xCE, 0x0D, 0x3A, 0xC6,
    0x0E, 0x7D, 0xEF, 0xBC, 0xBE, 0xEF, 0xF4, 0xDF, 0xF7, 0x7F, 0x5E, 0xE7,
    0x03, 0xFF, 0xFF, 0x03, 0xFF, 0xFF, 0x00, 0x00, 0x00, 0x00, 0x00, 0x00,
    0x00, 0x00, 0x00, 0x00, 0x00, 0x00, 0x00, 0x00, 0x00, 0x00, 0x00, 0x00,
    0x00, 0x00, 0x00, 0x00, 0x00, 0x00, 0x00, 0x00, 0x00, 0x00, 0x00, 0x00,
    0x00, 0x00, 0x00, 0x00, 0x00, 0x00, 0x00, 0x00, 0x00, 0x0B, 0xFF, 0xFF,
    0x03, 0x55, 0xAD, 0x00, 0x00, 0x00, 0x7F, 0x7E, 0xE7, 0xF4, 0xDF, 0xF7,
    0xB9, 0xBF, 0xF7, 0x20, 0x7D, 0xE7, 0xAB, 0x7E, 0xEF, 0xAB, 0x7E, 0xEF,
    0x0B, 0x3C, 0xE7, 0x3A, 0x5D, 0xE7, 0xF0, 0x9E, 0xEF, 0xF1, 0x7E, 0xEF,
    0x36, 0x3E, 0xE7, 0x01, 0x00, 0x00, 0x0D, 0xFF, 0xFF, 0x00, 0x00, 0x00,
    0x00, 0x00, 0x00, 0x00, 0x00, 0x00, 0x00, 0x00, 0x00, 0x00, 0x00, 0x00,
    0x00, 0x00, 0x00, 0x00, 0x00, 0x00, 0x00, 0x00, 0x00, 0x00, 0x00, 0x00,
    0x00, 0x00, 0x00, 0x00, 0x00, 0x00, 0x00, 0x00, 0x00, 0x00, 0x00, 0x00,
    0x00, 0x00, 0x00, 0x00, 0x00, 0x00, 0x02, 0xFF, 0xFF, 0x00, 0x00, 0x00,
    0x00, 0x00, 0x00, 0x0D, 0xFF, 0xEF, 0xFF, 0xDF, 0xF7, 0xFB, 0x5D, 0xE7,
    0xFF, 0xFF, 0xFF, 0x5E, 0x7D, 0xE7, 0x00, 0x00, 0x00, 0x00, 0x00, 0x00,
    0x00, 0x00, 0x00, 0xC5, 0x5E, 0xEF, 0xFE, 0xDF, 0xF7, 0xFE, 0xDF, 0xF7,
    0xC6, 0x5E, 0xEF, 0x00, 0x00, 0x00, 0x02, 0xFF, 0x7B, 0x02, 0xFF, 0xFF,
    0x00, 0x00, 0x00, 0x00, 0x00, 0x00, 0x00, 0x00, 0x00, 0x00, 0x00, 0x00,
    0x00, 0x00, 0x00, 0x00, 0x00, 0x00, 0x00, 0x00, 0x00, 0x00, 0x00, 0x00,
    0x00, 0x00, 0x00, 0x00, 0x00, 0x00, 0x00, 0x00, 0x00, 0x00, 0x00, 0x00,
    0x00, 0x00, 0x00, 0x00, 0x00, 0x00, 0x00, 0x00, 0x00, 0x01, 0xFF, 0xFF,
    0x02, 0xFF, 0xFF, 0x07, 0xFF, 0xDF, 0xC2, 0x5E, 0xEF, 0xFF, 0xFF, 0xFF,
    0xEF, 0xDF, 0xF7, 0x37, 0x7E, 0xE7, 0x07, 0xDF, 0xDE, 0x0B, 0x3C, 0xE7,
    0x00, 0x00, 0x00, 0x75, 0x5E, 0xEF, 0xFF, 0xFF, 0xFF, 0xFF, 0xFF, 0xFF,
    0x75, 0x5E, 0xEF, 0x00, 0x00, 0x00, 0x04, 0xFF, 0xFF, 0x00, 0x00, 0x00,
    0x00, 0x00, 0x00, 0x00, 0x00, 0x00, 0x00, 0x00, 0x00, 0x00, 0x00, 0x00,
    0x00, 0x00, 0x00, 0x00, 0x00, 0x00, 0x00, 0x00, 0x00, 0x00, 0x00, 0x00,
    0x00, 0x00, 0x00, 0x00, 0x00, 0x00, 0x00, 0x00, 0x00, 0x00, 0x00, 0x00,
    0x00, 0x00, 0x00, 0x00, 0x00, 0x00, 0x00, 0x00, 0x00, 0x00, 0x00, 0x00,
    0x02, 0xFF, 0xFF, 0x00, 0x00, 0x00, 0x0C, 0x5D, 0xEF, 0x53, 0xFF, 0xFF,
    0x2F, 0x1D, 0xDF, 0x00, 0x00, 0x00, 0x02, 0xFF, 0xFF, 0x00, 0x00, 0x00,
    0x00, 0x00, 0x00, 0x00, 0x00, 0x00, 0x50, 0x5D, 0xE7, 0x50, 0x5D, 0xE7,
    0x00, 0x00, 0x00, 0x00, 0x00, 0x00, 0x00, 0x00, 0x00, 0x00, 0x00, 0x00,
    0x00, 0x00, 0x00, 0x00, 0x00, 0x00, 0x00, 0x00, 0x00, 0x00, 0x00, 0x00,
    0x00, 0x00, 0x00, 0x00, 0x00, 0x00, 0x00, 0x00, 0x00, 0x00, 0x00, 0x00,
    0x00, 0x00, 0x00, 0x00, 0x00, 0x00, 0x00, 0x00, 0x00, 0x00, 0x00, 0x00,
    0x00, 0x00, 0x00, 0x00, 0x00, 0x00, 0x00, 0x00, 0x00, 0x00, 0x00, 0x00,
    0x00, 0x00, 0x00, 0x00, 0x00, 0x00, 0x00, 0x00, 0x00, 0x00, 0x00, 0x00,
    0x00, 0x00, 0x00, 0x02, 0xEF, 0x7B, 0x00, 0x00, 0x00, 0x00, 0x00, 0x00,
    0x00, 0x00, 0x00, 0x02, 0xFF, 0xFF, 0x00, 0x00, 0x00, 0x00, 0x00, 0x00,
    0x02, 0xFF, 0xFF, 0x00, 0x00, 0x00, 0x00, 0x00, 0x00, 0x00, 0x00, 0x00,
    0x00, 0x00, 0x00, 0x00, 0x00, 0x00, 0x00, 0x00, 0x00, 0x00, 0x00, 0x00,
    0x00, 0x00, 0x00, 0x00, 0x00, 0x00, 0x00, 0x00, 0x00, 0x00, 0x00, 0x00,
    0x00, 0x00, 0x00, 0x00, 0x00, 0x00, 0x00, 0x00, 0x00, 0x00, 0x00, 0x00,
    0x00, 0x00, 0x00, 0x00, 0x00, 0x00, 0x00, 0x00, 0x00, 0x00, 0x00, 0x00,
    0x00, 0x00, 0x00, 0x00, 0x00, 0x00, 0x01, 0xFF, 0xFF, 0x04, 0xFF, 0xFF,
    0x03, 0xFF, 0xAF, 0x00, 0x00, 0x00, 0x00, 0x00, 0x00, 0x00, 0x00, 0x00,
    0x00, 0x00, 0x00, 0x00, 0x00, 0x00, 0x04, 0xFF, 0xFF, 0x04, 0xFF, 0xFF,
    0x00, 0x00, 0x00, 0x00, 0x00, 0x00, 0x00, 0x00, 0x00, 0x00, 0x00, 0x00,
    0x00, 0x00, 0x00, 0x00, 0x00, 0x00, 0x00, 0x00, 0x00, 0x00, 0x00, 0x00,
    0x00, 0x00, 0x00, 0x00, 0x00, 0x00, 0x00, 0x00, 0x00, 0x00, 0x00, 0x00,
    0x00, 0x00, 0x00, 0x00, 0x00, 0x00, 0x00, 0x00, 0x00, 0x00, 0x00, 0x00,
    0x00, 0x00, 0x00, 0x00, 0x00, 0x00, 0x00, 0x00, 0x00, 0x00, 0x00, 0x00,
    0x00, 0x00, 0x00, 0x00, 0x00, 0x00, 0x00, 0x00, 0x00, 0x00, 0x00, 0x00,
    0x00, 0x00, 0x00, 0x00, 0x00, 0x00, 0x00, 0x00, 0x00, 0x00, 0x00, 0x00,
    0x00, 0x00, 0x00, 0x00, 0x00, 0x00, 0x00, 0x00, 0x00, 0x00, 0x00, 0x00,
    0x00, 0x00, 0x00, 0x00, 0x00, 0x00, 0x00, 0x00, 0x00, 0x00, 0x00, 0x00,
    0x00, 0x00, 0x00, 0x00, 0x00, 0x00, 0x00, 0x00, 0x00, 0x00, 0x00, 0x00,
    0x00, 0x00, 0x00, 0x00, 0x00, 0x00, 0x00, 0x00, 0x00, 0x00, 0x00, 0x00,
    0x00, 0x00, 0x00, 0x00, 0x00, 0x00, 0x00, 0x00, 0x00, 0x00, 0x00, 0x00,
    0x00, 0x00, 0x00, 0x00, 0x00, 0x00, 0x00, 0x00, 0x00, 0x00, 0x00, 0x00,
    0x00, 0x00, 0x00, 0x00, 0x00, 0x00, 0x00, 0x00, 0x00, 0x00, 0x00, 0x00,
    0x00, 0x00, 0x00, 0x00, 0x00, 0x00, 0x00, 0x00, 0x00, 0x00, 0x00, 0x00,
    0x00, 0x00, 0x00, 0x00, 0x00, 0x00, 0x00, 0x00, 0x00, 0x00, 0x00, 0x00,
    0x00, 0x00, 0x00, 0x00, 0x00, 0x00, 0x00, 0x00, 0x00, 0x00, 0x00, 0x00,
    0x00, 0x00, 0x00, 0x00, 0x00, 0x00, 0x00, 0x00, 0x00, 0x00, 0x00, 0x00,
    0x00, 0x00, 0x00, 0x00, 0x00, 0x00, 0x00, 0x00, 0x00, 0x00, 0x00, 0x00,
};
static const lv_image_dsc_t weather_icon_snow = {
    .header = {.magic = LV_IMAGE_HEADER_MAGIC, .cf = LV_COLOR_FORMAT_ARGB8565, .w = 32, .h = 32, .stride = 96},
    .data_size = 3072,
    .data = weather_icon_snow_data,
};

/* fog */
static const uint8_t weather_icon_fog_data[] = {
    0x00, 0x00, 0x00, 0x00, 0x00, 0x00, 0x00, 0x00, 0x00, 0x00, 0x00, 0x00,
    0x00, 0x00, 0x00, 0x00, 0x00, 0x00, 0x00, 0x00, 0x00, 0x00, 0x00, 0x00,
    0x00, 0x00, 0x00, 0x00, 0x00, 0x00, 0x00, 0x00, 0x00, 0x00, 0x00, 0x00,
    0x00, 0x00, 0x00, 0x00, 0x00, 0x00, 0x01, 0xFF, 0xFF, 0x04, 0xFF, 0xBF,
    0x00, 0x00, 0x00, 0x00, 0x00, 0x00, 0x00, 0x00, 0x00, 0x02, 0xFF, 0xFF,
    0x03, 0x55, 0xAD, 0x00, 0x00, 0x00, 0x00, 0x00, 0x00, 0x00, 0x00, 0x00,
    0x00, 0x00, 0x00, 0x00, 0x00, 0x00, 0x00, 0x00, 0x00, 0x00, 0x00, 0x00,
    0x00, 0x00, 0x00, 0x00, 0x00, 0x00, 0x00, 0x00, 0x00, 0x00, 0x00, 0x00,
    0x00, 0x00, 0x00, 0x00, 0x00, 0x00, 0x00, 0x00, 0x00, 0x00, 0x00, 0x00,
    0x00, 0x00, 0x00, 0x00, 0x00, 0x00, 0x00, 0x00, 0x00, 0x00, 0x00, 0x00,
    0x00, 0x00, 0x00, 0x00, 0x00, 0x00, 0x00, 0x00, 0x00, 0x00, 0x00, 0x00,
    0x00, 0x00, 0x00, 0x00, 0x00, 0x00, 0x00, 0x00, 0x00, 0x00, 0x00, 0x00,
    0x0A, 0x79, 0xB6, 0x0A, 0x79, 0xCE, 0x0B, 0x3F, 0xE7, 0x00, 0x00, 0x00,
    0x00, 0x00, 0x00, 0x02, 0xFF, 0xFF, 0x00, 0x00, 0x00, 0x00, 0x00, 0x00,
    0x00, 0x00, 0x00, 0x00, 0x00, 0x00, 0x00, 0x00, 0x00, 0x00, 0x00, 0x00,
    0x00, 0x00, 0x00, 0x00, 0x00, 0x00, 0x00, 0x00, 0x00, 0x00, 0x00, 0x00,
    0x00, 0x00, 0x00, 0x00, 0x00, 0x00, 0x00, 0x00, 0x00, 0x00, 0x00, 0x00,
    0x00, 0x00, 0x00, 0x00, 0x00, 0x00, 0x00, 0x00, 0x00, 0x00, 0x00, 0x00,
    0x00, 0x00, 0x00, 0x00, 0x00, 0x00, 0x00, 0x00, 0x00, 0x00, 0x00, 0x00,
    0x06, 0x5A, 0xAD, 0x04, 0xF7, 0xBD, 0x0E, 0x5B, 0xCE, 0x59, 0xFD, 0xDE,
    0xED, 0x5A, 0xCE, 0xF4, 0x7A, 0xCE, 0xF4, 0xBB, 0xD6, 0x88, 0xBB, 0xD6,
    0x31, 0x39, 0xC6, 0x00, 0x00, 0x00, 0x02, 0xFF, 0xFF, 0x00, 0x00, 0x00,
    0x00, 0x00, 0x00, 0x00, 0x00, 0x00, 0x00, 0x00, 0x00, 0x00, 0x00, 0x00,
    0x00, 0x00, 0x00, 0x00, 0x00, 0x00, 0x00, 0x00, 0x00, 0x00, 0x00, 0x00,
    0x00, 0x00, 0x00, 0x00, 0x00, 0x00, 0x00, 0x00, 0x00, 0x00, 0x00, 0x00,
    0x00, 0x00, 0x00, 0x00, 0x00, 0x00, 0x00, 0x00, 0x00, 0x00, 0x00, 0x00,
    0x00, 0x00, 0x00, 0x00, 0x00, 0x00, 0x02, 0xFF, 0x7F, 0x05, 0xD3, 0x9C,
    0x00, 0x00, 0x00, 0x00, 0x00, 0x00, 0xC7, 0x5A, 0xC6, 0xFF, 0x3D, 0xE7,
    0xFF, 0x7A, 0xCE, 0xFF, 0x7A, 0xCE, 0xFF, 0x7A, 0xCE, 0xFF, 0xDC, 0xD6,
    0xF2, 0xDC, 0xD6, 0x2C, 0x5A, 0xCE, 0x02, 0xEF, 0x7B, 0x03, 0x55, 0xAD,
    0x00, 0x00, 0x00, 0x00, 0x00, 0x00, 0x00, 0x00, 0x00, 0x00, 0x00, 0x00,
    0x00, 0x00, 0x00, 0x00, 0x00, 0x00, 0x00, 0x00, 0x00, 0x00, 0x00, 0x00,
    0x00, 0x00, 0x00, 0x00, 0x00, 0x00, 0x00, 0x00, 0x00, 0x00, 0x00, 0x00,
    0x00, 0x00, 0x00, 0x00, 0x00, 0x00, 0x00, 0x00, 0x00, 0x00, 0x00, 0x00,
    0x00, 0x00, 0x00, 0x00, 0x00, 0x00, 0x00, 0x00, 0x00, 0x00, 0x00, 0x00,
    0x4F, 0x5A, 0xCE, 0x5A, 0x7B, 0xCE, 0xFF, 0x7A, 0xCE, 0xFA, 0x7A, 0xC6,
    0xFE, 0x7A, 0xCE, 0xFE, 0x7A, 0xCE, 0xFF, 0x7A, 0xCE, 0xF8, 0x5A, 0xC6,
    0xFF, 0xFC, 0xD6, 0x8D, 0x7A, 0xCE, 0x01, 0xFF, 0xFF, 0x03, 0x55, 0xAD,
    0x00, 0x00, 0x00, 0x00, 0x00, 0x00, 0x00, 0x00, 0x00, 0x00, 0x00, 0x00,
    0x00, 0x00, 0x00, 0x00, 0x00, 0x00, 0x00, 0x00, 0x00, 0x00, 0x00, 0x00,
    0x00, 0x00, 0x00, 0x00, 0x00, 0x00, 0x00, 0x00, 0x00, 0x00, 0x00, 0x00,
    0x00, 0x00, 0x00, 0x00, 0x00, 0x00, 0x00, 0x00, 0x00, 0x00, 0x00, 0x00,
    0x03, 0x55, 0xAD, 0x04, 0xF7, 0xBD, 0x3F, 0x5A, 0xC6, 0xB0, 0xFC, 0xD6,
    0xFF, 0xBB, 0xD6, 0xFF, 0xFC, 0xDE, 0xFD, 0x7A, 0xCE, 0xFF, 0x7A, 0xCE,
    0xFF, 0x7A, 0xCE, 0xFF, 0x7A, 0xCE, 0xFF, 0x7A, 0xCE, 0xFE, 0x7A, 0xCE,
    0xFD, 0x7A, 0xCE, 0xFF, 0x7A, 0xCE, 0x11, 0x9C, 0xD6, 0x00, 0x00, 0x00,
    0x01, 0x00, 0x00, 0x00, 0x00, 0x00, 0x00, 0x00, 0x00, 0x00, 0x00, 0x00,
    0x00, 0x00, 0x00, 0x00, 0x00, 0x00, 0x00, 0x00, 0x00, 0x00, 0x00, 0x00,
    0x00, 0x00, 0x00, 0x00, 0x00, 0x00, 0x00, 0x00, 0x00, 0x00, 0x00, 0x00,
    0x00, 0x00, 0x00, 0x00, 0x00, 0x00, 0x00, 0x00, 0x00, 0x01, 0x00, 0x00,
    0x00, 0x00, 0x00, 0x00, 0x00, 0x00, 0xF4, 0x5A, 0xC6, 0xFF, 0xFD, 0xDE,
    0xFA, 0x7A, 0xCE, 0xFA, 0x7A, 0xC6, 0xFF, 0x7A, 0xCE, 0xFF, 0x7A, 0xCE,
    0xFF, 0x7A, 0xCE, 0xFF, 0x7A, 0xCE, 0xFF, 0x7A, 0xCE, 0xFF, 0x7A, 0xCE,
    0xFB, 0x7A, 0xCE, 0xFC, 0xDC, 0xD6, 0xA5, 0x7A, 0xCE, 0x00, 0x00, 0x00,
    0x05, 0x79, 0xCE, 0x00, 0x00, 0x00, 0x00, 0x00, 0x00, 0x00, 0x00, 0x00,
    0x00, 0x00, 0x00, 0x00, 0x00, 0x00, 0x00, 0x00, 0x00, 0x00, 0x00, 0x00,
    0x00, 0x00, 0x00, 0x00, 0x00, 0x00, 0x00, 0x00, 0x00, 0x00, 0x00, 0x00,
    0x00, 0x00, 0x00, 0x00, 0x00, 0x00, 0x00, 0x00, 0x00, 0x04, 0xF7, 0xBD,
    0x00, 0x00, 0x00, 0x75, 0x7A, 0xCE, 0xFC, 0xBB, 0xD6, 0xF8, 0x7A, 0xCE,
    0xFF, 0x7A, 0xCE, 0xFF, 0x7A, 0xCE, 0xFF, 0x7A, 0xCE, 0xFF, 0x7A, 0xCE,
    0xFF, 0x7A, 0xCE, 0xFF, 0x7A, 0xCE, 0xFF, 0x7A, 0xCE, 0xFF, 0x7A, 0xCE,
    0xFB, 0x7A, 0xCE, 0xFF, 0xDC, 0xD6, 0xAB, 0x7A, 0xCE, 0x01, 0x00, 0x00,
    0x05, 0x79, 0xCE, 0x00, 0x00, 0x00, 0x00, 0x00, 0x00, 0x00, 0x00, 0x00,
    0x00, 0x00, 0x00, 0x00, 0x00, 0x00, 0x00, 0x00, 0x00, 0x00, 0x00, 0x00,
    0x00, 0x00, 0x00, 0x00, 0x00, 0x00, 0x00, 0x00, 0x00, 0x00, 0x00, 0x00,
    0x00, 0x00, 0x00, 0x00, 0x00, 0x00, 0x00, 0x00, 0x00, 0x06, 0xBA, 0xD6,
    0x02, 0xEF, 0x7B, 0xC2, 0x5A, 0xC6, 0xFF, 0xFC, 0xDE, 0xFA, 0x7A, 0xC6,
    0xFF, 0x7A, 0xCE, 0xFF, 0x7A, 0xCE, 0xFF, 0x7A, 0xCE, 0xFF, 0x7A, 0xCE,
    0xFF, 0x7A, 0xCE, 0xFF, 0x7A, 0xCE, 0xFF, 0x7A, 0xCE, 0xFF, 0x7A, 0xCE,
    0xFB, 0x7A, 0xCE, 0xFF, 0xFC, 0xDE, 0xB6, 0x7A, 0xCE, 0x00, 0x00, 0x00,
    0x08, 0xF7, 0xBD, 0x00, 0x00, 0x00, 0x00, 0x00, 0x00, 0x00, 0x00, 0x00,
    0x00, 0x00, 0x00, 0x00, 0x00, 0x00, 0x00, 0x00, 0x00, 0x00, 0x00, 0x00,
    0x00, 0x00, 0x00, 0x00, 0x00, 0x00, 0x00, 0x00, 0x00, 0x00, 0x00, 0x00,
    0x00, 0x00, 0x00, 0x00, 0x00, 0x00, 0x01, 0x00, 0x00, 0x05, 0xD3, 0x9C,
    0x00, 0x00, 0x00, 0x46, 0x9B, 0xCE, 0xF8, 0x9A, 0xCE, 0xFE, 0x7A, 0xCE,
    0xFE, 0x7A, 0xCE, 0xFF, 0x7A, 0xCE, 0xFF, 0x7A, 0xCE, 0xFF, 0x7A, 0xCE,
    0xFF, 0x7A, 0xCE, 0xFF, 0x7A, 0xCE, 0xFF, 0x7A, 0xCE, 0xFE, 0x7A, 0xCE,
    0xFE, 0x7A, 0xCE, 0xF9, 0x9B, 0xCE, 0x49, 0x7A, 0xC6, 0x09, 0x55, 0xAD,
    0x00, 0x00, 0x00, 0x02, 0xFF, 0x7F, 0x00, 0x00, 0x00, 0x00, 0x00, 0x00,
    0x00, 0x00, 0x00, 0x00, 0x00, 0x00, 0x00, 0x00, 0x00, 0x00, 0x00, 0x00,
    0x00, 0x00, 0x00, 0x00, 0x00, 0x00, 0x00, 0x00, 0x00, 0x00, 0x00, 0x00,
    0x00, 0x00, 0x00, 0x00, 0x00, 0x00, 0x02, 0xEF, 0x7B, 0x00, 0x00, 0x00,
    0x83, 0x5A, 0xC6, 0xEA, 0xDC, 0xD6, 0xFA, 0x5A, 0xC6, 0xFF, 0x7A, 0xCE,
    0xFF, 0x7A, 0xCE, 0xFF, 0x7A, 0xCE, 0xFF, 0x7A, 0xCE, 0xFF, 0x7A, 0xCE,
    0xFF, 0x7A, 0xCE, 0xFF, 0x7A, 0xCE, 0xFF, 0x7A, 0xCE, 0xFF, 0x7A, 0xCE,
    0xFF, 0x7A, 0xCE, 0xFD, 0x5A, 0xC6, 0xE8, 0x7A, 0xCE, 0xEF, 0x9B, 0xCE,
    0x37, 0x3A, 0xC6, 0x00, 0x00, 0x00, 0x03, 0x55, 0xAD, 0x00, 0x00, 0x00,
    0x00, 0x00, 0x00, 0x00, 0x00, 0x00, 0x00, 0x00, 0x00, 0x00, 0x00, 0x00,
    0x00, 0x00, 0x00, 0x00, 0x00, 0x00, 0x00, 0x00, 0x00, 0x00, 0x00, 0x00,
    0x00, 0x00, 0x00, 0x04, 0xF7, 0xBD, 0x03, 0x5F, 0xAD, 0x7C, 0x7A, 0xCE,
    0xFF, 0xFC, 0xDE, 0xFF, 0x7A, 0xCE, 0xFF, 0x7A, 0xCE, 0xFF, 0x7A, 0xCE,
    0xFF, 0x7A, 0xCE, 0xFF, 0x7A, 0xCE, 0xFF, 0x7A, 0xCE, 0xFF, 0x7A, 0xCE,
    0xFF, 0x7A, 0xCE, 0xFF, 0x7A, 0xCE, 0xFF, 0x7A, 0xCE, 0xFF, 0x7A, 0xCE,
    0xFF, 0x7A, 0xCE, 0xFF, 0x7A, 0xCE, 0xFF, 0x7A, 0xCE, 0xFF, 0x9B, 0xCE,
    0xF2, 0xBB, 0xD6, 0x3F, 0x5A, 0xC6, 0x02, 0xFF, 0xFF, 0x03, 0x55, 0xAD,
    0x00, 0x00, 0x00, 0x00, 0x00, 0x00, 0x00, 0x00, 0x00, 0x00, 0x00, 0x00,
    0x00, 0x00, 0x00, 0x00, 0x00, 0x00, 0x00, 0x00, 0x00, 0x00, 0x00, 0x00,
    0x04, 0xF7, 0xBD, 0x00, 0x00, 0x00, 0x50, 0x5A, 0xC6, 0xFF, 0x1D, 0xDF,
    0xF8, 0x7A, 0xCE, 0xFE, 0x5A, 0xC6, 0xFF, 0x7A, 0xCE, 0xFF, 0x7A, 0xCE,
    0xFF, 0x7A, 0xCE, 0xFF, 0x7A, 0xCE, 0xFF, 0x7A, 0xCE, 0xFF, 0x7A, 0xCE,
    0xFF, 0x7A, 0xCE, 0xFF, 0x7A, 0xCE, 0xFF, 0x7A, 0xCE, 0xFF, 0x7A, 0xCE,
    0xFF, 0x7A, 0xCE, 0xFF, 0x7A, 0xCE, 0xFF, 0x7A, 0xCE, 0xFD, 0x5A, 0xC6,
    0xFF, 0x9B, 0xCE, 0xF4, 0x5A, 0xCE, 0x09, 0x3C, 0xC6, 0x00, 0x00, 0x00,
    0x01, 0x00, 0x00, 0x00, 0x00, 0x00, 0x00, 0x00, 0x00, 0x00, 0x00, 0x00,
    0x00, 0x00, 0x00, 0x00, 0x00, 0x00, 0x00, 0x00, 0x00, 0x00, 0x00, 0x00,
    0x04, 0xF7, 0xBD, 0x00, 0x00, 0x00, 0x52, 0x7A, 0xCE, 0xFB, 0xFC, 0xDE,
    0xFA, 0x7A, 0xC6, 0xFF, 0x7A, 0xCE, 0xFF, 0x7A, 0xCE, 0xFF, 0x7A, 0xCE,
    0xFF, 0x7A, 0xCE, 0xFF, 0x7A, 0xCE, 0xFF, 0x7A, 0xCE, 0xFF, 0x7A, 0xCE,
    0xFF, 0x7A, 0xCE, 0xFF, 0x7A, 0xCE, 0xFF, 0x7A, 0xCE, 0xFF, 0x7A, 0xCE,
    0xFF, 0x7A, 0xCE, 0xFF, 0x7A, 0xCE, 0xFF, 0x7A, 0xCE, 0xFE, 0x7A, 0xCE,
    0xFD, 0x7A, 0xCE, 0xF2, 0x7A, 0xCE, 0x0A, 0x7C, 0xCE, 0x00, 0x00, 0x00,
    0x01, 0x00, 0x00, 0x00, 0x00, 0x00, 0x00, 0x00, 0x00, 0x00, 0x00, 0x00,
    0x00, 0x00, 0x00, 0x00, 0x00, 0x00, 0x00, 0x00, 0x00, 0x00, 0x00, 0x00,
    0x04, 0xF7, 0xBD, 0x00, 0x00, 0x00, 0x5A, 0x5A, 0xC6, 0xFF, 0x3D, 0xE7,
    0xF7, 0x5A, 0xC6, 0xFF, 0x7A, 0xCE, 0xFF, 0x7A, 0xCE, 0xFF, 0x7A, 0xCE,
    0xFF, 0x7A, 0xCE, 0xFF, 0x7A, 0xCE, 0xFF, 0x7A, 0xCE, 0xFF, 0x7A, 0xCE,
    0xFF, 0x7A, 0xCE, 0xFF, 0x7A, 0xCE, 0xFF, 0x7A, 0xCE, 0xFF, 0x7A, 0xCE,
    0xFF, 0x7A, 0xCE, 0xFF, 0x7A, 0xCE, 0xFF, 0x7A, 0xCE, 0xFE, 0x7A, 0xCE,
    0xFD, 0x7A, 0xCE, 0xFF, 0x7A, 0xCE, 0x0B, 0x9C, 0xD6, 0x00, 0x00, 0x00,
    0x01, 0x00, 0x00, 0x00, 0x00, 0x00, 0x00, 0x00, 0x00, 0x00, 0x00, 0x00,
    0x00, 0x00, 0x00, 0x00, 0x00, 0x00, 0x00, 0x00, 0x00, 0x00, 0x00, 0x00,
    0x01, 0xFF, 0xFF, 0x03, 0xFF, 0xFF, 0x1B, 0x39, 0xC6, 0xC1, 0x9B, 0xCE,
    0xFF, 0xFC, 0xD6, 0xF8, 0x5A, 0xC6, 0xFB, 0x7A, 0xCE, 0xFA, 0x7A, 0xC6,
    0xFA, 0x7A, 0xC6, 0xFA, 0x7A, 0xC6, 0xFA, 0x7A, 0xC6, 0xFA, 0x7A, 0xC6,
    0xFA, 0x7A, 0xC6, 0xFA, 0x7A, 0xC6, 0xFA, 0x7A, 0xC6, 0xFA, 0x7A, 0xC6,
    0xFA, 0x7A, 0xC6, 0xFA, 0x7A, 0xC6, 0xFA, 0x7A, 0xC6, 0xF8, 0x7A, 0xCE,
    0xFF, 0xFC, 0xDE, 0x84, 0x5A, 0xCE, 0x04, 0xF7, 0xBD, 0x03, 0x55, 0xAD,
    0x00, 0x00, 0x00, 0x00, 0x00, 0x00, 0x00, 0x00, 0x00, 0x00, 0x00, 0x00,
    0x00, 0x00, 0x00, 0x00, 0x00, 0x00, 0x00, 0x00, 0x00, 0x00, 0x00, 0x00,
    0x00, 0x00, 0x00, 0x01, 0x00, 0x00, 0x00, 0x00, 0x00, 0x07, 0xB6, 0xB5,
    0xC8, 0x7A, 0xCE, 0xFF, 0x3D, 0xE7, 0xFF, 0xDC, 0xD6, 0xFF, 0xFC, 0xDE,
    0xFF, 0xFC, 0xDE, 0xFF, 0xFC, 0xDE, 0xFF, 0xFC, 0xDE, 0xFF, 0xFC, 0xDE,
    0xFF, 0xFC, 0xDE, 0xFF, 0xFC, 0xDE, 0xFF, 0xFC, 0xDE, 0xFF, 0xFC, 0xDE,
    0xFF, 0xFC, 0xDE, 0xFF, 0xFC, 0xDE, 0xFF, 0xFC, 0xD6, 0xFF, 0x1D, 0xDF,
    0x7C, 0x7A, 0xCE, 0x00, 0x00, 0x00, 0x03, 0x55, 0xAD, 0x00, 0x00, 0x00,
    0x00, 0x00, 0x00, 0x00, 0x00, 0x00, 0x00, 0x00, 0x00, 0x00, 0x00, 0x00,
    0x00, 0x00, 0x00, 0x00, 0x00, 0x00, 0x00, 0x00, 0x00, 0x00, 0x00, 0x00,
    0x00, 0x00, 0x00, 0x00, 0x00, 0x00, 0x03, 0x55, 0xAD, 0x00, 0x00, 0x00,
    0x0D, 0x3A, 0xC6, 0x53, 0x1D, 0xDF, 0x51, 0x7A, 0xC6, 0x53, 0x5A, 0xC6,
    0x53, 0x5A, 0xC6, 0x53, 0x5A, 0xC6, 0x53, 0x5A, 0xC6, 0x53, 0x5A, 0xC6,
    0x53, 0x5A, 0xC6, 0x53, 0x5A, 0xC6, 0x53, 0x5A, 0xC6, 0x53, 0x5A, 0xC6,
    0x53, 0x5A, 0xC6, 0x52, 0x7A, 0xCE, 0x53, 0x7A, 0xCE, 0x4F, 0x59, 0xC6,
    0x00, 0x00, 0x00, 0x02, 0xEF, 0x7B, 0x00, 0x00, 0x00, 0x00, 0x00, 0x00,
    0x00, 0x00, 0x00, 0x00, 0x00, 0x00, 0x00, 0x00, 0x00, 0x00, 0x00, 0x00,
    0x00, 0x00, 0x00, 0x00, 0x00, 0x00, 0x00, 0x00, 0x00, 0x00, 0x00, 0x00,
    0x00, 0x00, 0x00, 0x00, 0x00, 0x00, 0x00, 0x00, 0x00, 0x01, 0x00, 0x00,
    0x00, 0x00, 0x00, 0x00, 0x00, 0x00, 0x00, 0x00, 0x00, 0x00, 0x00, 0x00,
    0x00, 0x00, 0x00, 0x00, 0x00, 0x00, 0x00, 0x00, 0x00, 0x00, 0x00, 0x00,
    0x00, 0x00, 0x00, 0x00, 0x00, 0x00, 0x00, 0x00, 0x00, 0x00, 0x00, 0x00,
    0x00, 0x00, 0x00, 0x00, 0x00, 0x00, 0x00, 0x00, 0x00, 0x00, 0x00, 0x00,
    0x03, 0x55, 0xAD, 0x00, 0x00, 0x00, 0x00, 0x00, 0x00, 0x00, 0x00, 0x00,
    0x00, 0x00, 0x00, 0x00, 0x00, 0x00, 0x00, 0x00, 0x00, 0x00, 0x00, 0x00,
    0x00, 0x00, 0x00, 0x00, 0x00, 0x00, 0x00, 0x00, 0x00, 0x00, 0x00, 0x00,
    0x00, 0x00, 0x00, 0x00, 0x00, 0x00, 0x00, 0x00, 0x00, 0x01, 0x00, 0x00,
    0x02, 0xEF, 0x7B, 0x05, 0x79, 0xCE, 0x05, 0x79, 0x9E, 0x05, 0x79, 0xCE,
    0x05, 0x79, 0xCE, 0x05, 0x79, 0xCE, 0x05, 0x79, 0xCE, 0x05, 0x79, 0xCE,
    0x05, 0x79, 0xCE, 0x05, 0x79, 0xCE, 0x05, 0x79, 0xCE, 0x05, 0x79, 0xCE,
    0x05, 0x79, 0xCE, 0x05, 0x79, 0xCE, 0x05, 0x79, 0xCE, 0x05, 0x79, 0x9E,
    0x01, 0x00, 0x00, 0x01, 0x00, 0x00, 0x00, 0x00, 0x00, 0x00, 0x00, 0x00,
    0x00, 0x00, 0x00, 0x00, 0x00, 0x00, 0x00, 0x00, 0x00, 0x00, 0x00, 0x00,
    0x00, 0x00, 0x00, 0x00, 0x00, 0x00, 0x00, 0x00, 0x00, 0x00, 0x00, 0x00,
    0x00, 0x00, 0x00, 0x00, 0x00, 0x00, 0x00, 0x00, 0x00, 0x00, 0x00, 0x00,
    0x00, 0x00, 0x00, 0x00, 0x00, 0x00, 0x00, 0x00, 0x00, 0x00, 0x00, 0x00,
    0x00, 0x00, 0x00, 0x00, 0x00, 0x00, 0x00, 0x00, 0x00, 0x00, 0x00, 0x00,
    0x00, 0x00, 0x00, 0x00, 0x00, 0x00, 0x00, 0x00, 0x00, 0x00, 0x00, 0x00,
    0x00, 0x00, 0x00, 0x00, 0x00, 0x00, 0x00, 0x00, 0x00, 0x00, 0x00, 0x00,
    0x00, 0x00, 0x00, 0x00, 0x00, 0x00, 0x00, 0x00, 0x00, 0x00, 0x00, 0x00,
    0x00, 0x00, 0x00, 0x00, 0x00, 0x00, 0x00, 0x00, 0x00, 0x00, 0x00, 0x00,
    0x00, 0x00, 0x00, 0x00, 0x00, 0x00, 0x00, 0x00, 0x00, 0x00, 0x00, 0x00,
    0x00, 0x00, 0x00, 0x00, 0x00, 0x00, 0x03, 0x55, 0xAD, 0x0A, 0xD3, 0x9C,
    0x0A, 0xF3, 0x7B, 0x0A, 0xF3, 0x7B, 0x0A, 0xF3, 0x7B, 0x0A, 0xF3, 0x7B,
    0x0A, 0xF3, 0x7B, 0x0A, 0xF3, 0x7B, 0x0A, 0xF3, 0x7B, 0x0A, 0xF3, 0x7B,
    0x0A, 0xF3, 0x7B, 0x0A, 0xF3, 0x7B, 0x0A, 0xF3, 0x7B, 0x0A, 0xF3, 0x7B,
    0x0A, 0xF3, 0x7B, 0x0A, 0xF3, 0x7B, 0x0A, 0xF3, 0x7B, 0x0A, 0xF3, 0x7B,
    0x0A, 0xD3, 0x7C, 0x09, 0x75, 0x8C, 0x00, 0x00, 0x00, 0x00, 0x00, 0x00,
    0x00, 0x00, 0x00, 0x00, 0x00, 0x00, 0x00, 0x00, 0x00, 0x00, 0x00, 0x00,
    0x00, 0x00, 0x00, 0x00, 0x00, 0x00, 0x00, 0x00, 0x00, 0x00, 0x00, 0x00,
    0x04, 0xEF, 0x7B, 0x00, 0x00, 0x00, 0x51, 0x72, 0x8C, 0xF8, 0xD4, 0x94,
    0xF3, 0x73, 0x8C, 0xF8, 0x73, 0x8C, 0xF8, 0x73, 0x8C, 0xF8, 0x73, 0x8C,
    0xF8, 0x73, 0x8C, 0xF8, 0x73, 0x8C, 0xF8, 0x73, 0x8C, 0xF8, 0x73, 0x8C,
    0xF8, 0x73, 0x8C, 0xF8, 0x73, 0x8C, 0xF8, 0x73, 0x8C, 0xF8, 0x73, 0x8C,
    0xF8, 0x73, 0x8C, 0xF8, 0x73, 0x8C, 0xF8, 0x73, 0x8C, 0xF7, 0x73, 0x8C,
    0xF8, 0x93, 0x8C, 0xEE, 0x73, 0x8C, 0x0A, 0xD3, 0x9C, 0x00, 0x00, 0x00,
    0x01, 0x00, 0x00, 0x00, 0x00, 0x00, 0x00, 0x00, 0x00, 0x00, 0x00, 0x00,
    0x00, 0x00, 0x00, 0x00, 0x00, 0x00, 0x00, 0x00, 0x00, 0x00, 0x00, 0x00,
    0x04, 0xEF, 0x7B, 0x00, 0x00, 0x00, 0x51, 0x72, 0x8C, 0xF8, 0xD4, 0x94,
    0xF3, 0x73, 0x8C, 0xF8, 0x73, 0x8C, 0xF8, 0x73, 0x8C, 0xF8, 0x73, 0x8C,
    0xF8, 0x73, 0x8C, 0xF8, 0x73, 0x8C, 0xF8, 0x73, 0x8C, 0xF8, 0x73, 0x8C,
    0xF8, 0x73, 0x8C, 0xF8, 0x73, 0x8C, 0xF8, 0x73, 0x8C, 0xF8, 0x73, 0x8C,
    0xF8, 0x73, 0x8C, 0xF8, 0x73, 0x8C, 0xF8, 0x73, 0x8C, 0xF7, 0x73, 0x8C,
    0xF8, 0x93, 0x8C, 0xEF, 0x72, 0x8C, 0x0A, 0xD3, 0x9C, 0x00, 0x00, 0x00,
    0x01, 0x00, 0x00, 0x00, 0x00, 0x00, 0x00, 0x00, 0x00, 0x00, 0x00, 0x00,
    0x00, 0x00, 0x00, 0x00, 0x00, 0x00, 0x00, 0x00, 0x00, 0x00, 0x00, 0x00,
    0x00, 0x00, 0x00, 0x00, 0x00, 0x00, 0x03, 0x55, 0xAD, 0x0A, 0xD3, 0x9C,
    0x0A, 0xF3, 0x7B, 0x0A, 0xF3, 0x7B, 0x07, 0x92, 0x94, 0x07, 0x92, 0x94,
    0x07, 0x92, 0x94, 0x07, 0x92, 0x94, 0x07, 0x92, 0x94, 0x07, 0x92, 0x94,
    0x07, 0x92, 0x94, 0x07, 0x92, 0x94, 0x07, 0x92, 0x94, 0x07, 0x92, 0x94,
    0x07, 0x92, 0x94, 0x07, 0x92, 0x94, 0x07, 0x92, 0x94, 0x07, 0x92, 0x94,
    0x07, 0x92, 0x94, 0x06, 0x55, 0x7D, 0x00, 0x00, 0x00, 0x00, 0x00, 0x00,
    0x00, 0x00, 0x00, 0x00, 0x00, 0x00, 0x00, 0x00, 0x00, 0x00, 0x00, 0x00,
    0x00, 0x00, 0x00, 0x00, 0x00, 0x00, 0x00, 0x00, 0x00, 0x00, 0x00, 0x00,
    0x00, 0x00, 0x00, 0x00, 0x00, 0x00, 0x00, 0x00, 0x00, 0x00, 0x00, 0x00,
    0x00, 0x00, 0x00, 0x00, 0x00, 0x00, 0x06, 0x55, 0x7D, 0x07, 0x92, 0x94,
    0x07, 0x92, 0x94, 0x07, 0x92, 0x94, 0x07, 0x92, 0x94, 0x07, 0x92, 0x94,
    0x07, 0x92, 0x94, 0x07, 0x92, 0x94, 0x07, 0x92, 0x94, 0x07, 0x92, 0x94,
    0x07, 0x92, 0x94, 0x07, 0x92, 0x94, 0x07, 0x92, 0x94, 0x07, 0x92, 0x94,
    0x07, 0x92, 0x94, 0x06, 0x55, 0x7D, 0x00, 0x00, 0x00, 0x00, 0x00, 0x00,
    0x00, 0x00, 0x00, 0x00, 0x00, 0x00, 0x00, 0x00, 0x00, 0x00, 0x00, 0x00,
    0x00, 0x00, 0x00, 0x00, 0x00, 0x00, 0x00, 0x00, 0x00, 0x00, 0x00, 0x00,
    0x00, 0x00, 0x00, 0x00, 0x00, 0x00, 0x00, 0x00, 0x00, 0x02, 0x00, 0x00,
    0x01, 0x00, 0x00, 0x0A, 0xD3, 0x9C, 0xEF, 0x72, 0x8C, 0xF8, 0x93, 0x8C,
    0xF7, 0x73, 0x8C, 0xF8, 0x73, 0x8C, 0xF8, 0x73, 0x8C, 0xF8, 0x73, 0x8C,
    0xF8, 0x73, 0x8C, 0xF8, 0x73, 0x8C, 0xF8, 0x73, 0x8C, 0xF8, 0x73, 0x8C,
    0xF8, 0x73, 0x8C, 0xF8, 0x73, 0x8C, 0xF8, 0x73, 0x8C, 0xF7, 0x73, 0x8C,
    0xF8, 0x93, 0x8C, 0xEF, 0x72, 0x8C, 0x0A, 0xD3, 0x9C, 0x00, 0x00, 0x00,
    0x01, 0x00, 0x00, 0x00, 0x00, 0x00, 0x00, 0x00, 0x00, 0x00, 0x00, 0x00,
    0x00, 0x00, 0x00, 0x00, 0x00, 0x00, 0x00, 0x00, 0x00, 0x00, 0x00, 0x00,
    0x00, 0x00, 0x00, 0x00, 0x00, 0x00, 0x00, 0x00, 0x00, 0x01, 0x00, 0x00,
    0x00, 0x00, 0x00, 0x0A, 0xD3, 0x9C, 0xEE, 0x73, 0x8C, 0xF8, 0x93, 0x8C,
    0xF7, 0x73, 0x8C, 0xF8, 0x73, 0x8C, 0xF8, 0x73, 0x8C, 0xF8, 0x73, 0x8C,
    0xF8, 0x73, 0x8C, 0xF8, 0x73, 0x8C, 0xF8, 0x73, 0x8C, 0xF8, 0x73, 0x8C,
    0xF8, 0x73, 0x8C, 0xF8, 0x73, 0x8C, 0xF8, 0x73, 0x8C, 0xF7, 0x73, 0x8C,
    0xF8, 0x93, 0x8C, 0xEE, 0x73, 0x8C, 0x0A, 0xD3, 0x9C, 0x00, 0x00, 0x00,
    0x01, 0x00, 0x00, 0x00, 0x00, 0x00, 0x00, 0x00, 0x00, 0x00, 0x00, 0x00,
    0x00, 0x00, 0x00, 0x00, 0x00, 0x00, 0x00, 0x00, 0x00, 0x00, 0x00, 0x00,
    0x00, 0x00, 0x00, 0x00, 0x00, 0x00, 0x00, 0x00, 0x00, 0x00, 0x00, 0x00,
    0x00, 0x00, 0x00, 0x00, 0x00, 0x00, 0x09, 0x75, 0x8C, 0x0A, 0xD3, 0x7C,
    0x0A, 0xF3, 0x7B, 0x0A, 0xF3, 0x7B, 0x0A, 0xF3, 0x7B, 0x0A, 0xF3, 0x7B,
    0x0A, 0xF3, 0x7B, 0x0A, 0xF3, 0x7B, 0x0A, 0xF3, 0x7B, 0x0A, 0xF3, 0x7B,
    0x0A, 0xF3, 0x7B, 0x0A, 0xF3, 0x7B, 0x0A, 0xF3, 0x7B, 0x0A, 0xF3, 0x7B,
    0x0A, 0xD3, 0x7C, 0x09, 0x75, 0x8C, 0x00, 0x00, 0x00, 0x00, 0x00, 0x00,
    0x00, 0x00, 0x00, 0x00, 0x00, 0x00, 0x00, 0x00, 0x00, 0x00, 0x00, 0x00,
    0x00, 0x00, 0x00, 0x00, 0x00, 0x00, 0x00, 0x00, 0x00, 0x00, 0x00, 0x00,
    0x00, 0x00, 0x00, 0x00, 0x00, 0x00, 0x00, 0x00, 0x00, 0x00, 0x00, 0x00,
    0x00, 0x00, 0x00, 0x00, 0x00, 0x00, 0x00, 0x00, 0x00, 0x00, 0x00, 0x00,
    0x00, 0x00, 0x00, 0x00, 0x00, 0x00, 0x00, 0x00, 0x00, 0x00, 0x00, 0x00,
    0x00, 0x00, 0x00, 0x00, 0x00, 0x00, 0x00, 0x00, 0x00, 0x00, 0x00, 0x00,
    0x00, 0x00, 0x00, 0x00, 0x00, 0x00, 0x00, 0x00, 0x00, 0x00, 0x00, 0x00,
    0x00, 0x00, 0x00, 0x00, 0x00, 0x00, 0x00, 0x00, 0x00, 0x00, 0x00, 0x00,
    0x00, 0x00, 0x00, 0x00, 0x00, 0x00, 0x00, 0x00, 0x00, 0x00, 0x00, 0x00,
    0x00, 0x00, 0x00, 0x00, 0x00, 0x00, 0x00, 0x00, 0x00, 0x00, 0x00, 0x00,
    0x00, 0x00, 0x00, 0x00, 0x00, 0x00, 0x00, 0x00, 0x00, 0x00, 0x00, 0x00,
    0x00, 0x00, 0x00, 0x00, 0x00, 0x00, 0x01, 0x00, 0x00, 0x01, 0x00, 0x00,
    0x01, 0x00, 0x00, 0x01, 0x00, 0x00, 0x01, 0x00, 0x00, 0x01, 0x00, 0x00,
    0x01, 0x00, 0x00, 0x01, 0x00, 0x00, 0x01, 0x00, 0x00, 0x01, 0x00, 0x00,
    0x01, 0x00, 0x00, 0x01, 0x00, 0x00, 0x01, 0x00, 0x00, 0x01, 0x00, 0x00,
    0x01, 0x00, 0x00, 0x01, 0x00, 0x00, 0x00, 0x00, 0x00, 0x00, 0x00, 0x00,
    0x00, 0x00, 0x00, 0x00, 0x00, 0x00, 0x00, 0x00, 0x00, 0x00, 0x00, 0x00,
    0x00, 0x00, 0x00, 0x00, 0x00, 0x00, 0x00, 0x00, 0x00, 0x00, 0x00, 0x00,
    0x00, 0x00, 0x00, 0x00, 0x00, 0x00, 0x00, 0x00, 0x00, 0x00, 0x00, 0x00,
    0x00, 0x00, 0x00, 0x00, 0x00, 0x00, 0x00, 0x00, 0x00, 0x00, 0x00, 0x00,
    0x00, 0x00, 0x00, 0x00, 0x00, 0x00, 0x00, 0x00, 0x00, 0x00, 0x00, 0x00,
    0x00, 0x00, 0x00, 0x00, 0x00, 0x00, 0x00, 0x00, 0x00, 0x00, 0x00, 0x00,
    0x00, 0x00, 0x00, 0x00, 0x00, 0x00, 0x00, 0x00, 0x00, 0x00, 0x00, 0x00,
    0x00, 0x00, 0x00, 0x00, 0x00, 0x00, 0x00, 0x00, 0x00, 0x00, 0x00, 0x00,
    0x00, 0x00, 0x00, 0x00, 0x00, 0x00, 0x00, 0x00, 0x00, 0x00, 0x00, 0x00,
};
static const lv_image_dsc_t weather_icon_fog = {
    .header = {.magic = LV_IMAGE_HEADER_MAGIC, .cf = LV_COLOR_FORMAT_ARGB8565, .w = 32, .h = 32, .stride = 96},
    .data_size = 3072,
    .data = weather_icon_fog_data,
};

typedef struct { const char *id; const lv_image_dsc_t *img; } weather_icon_entry_t;

const weather_icon_entry_t weather_icon_table[] = {
    {"sun", &weather_icon_sun},
    {"sun_cloud", &weather_icon_sun_cloud},
    {"cloud", &weather_icon_cloud},
    {"overcast", &weather_icon_overcast},
    {"rain", &weather_icon_rain},
    {"storm", &weather_icon_storm},
    {"snow", &weather_icon_snow},
    {"fog", &weather_icon_fog},
};

const int weather_icon_count = 8;
